,Team,Result,Margin,BR,Toss,Bat,Opposition,Ground,Start Date,Result_Binary,Year
0,Australia,won,44 runs,,won,1st,v New Zealand,Auckland,2005-02-17,1,2005
1,England,won,100 runs,,won,1st,v Australia,Southampton,2005-06-13,1,2005
2,South Africa,lost,5 wickets,12.0,lost,1st,v New Zealand,Johannesburg,2005-10-21,0,2005
3,Australia,won,95 runs,,won,1st,v South Africa,Brisbane,2006-01-09,1,2006
4,West Indies,tied,-,,lost,1st,v New Zealand,Auckland,2006-02-16,0,2006
5,South Africa,won,2 runs,,won,1st,v Australia,Johannesburg,2006-02-24,1,2006
6,Sri Lanka,won,2 runs,,won,1st,v England,Southampton,2006-06-15,1,2006
7,England,lost,5 wickets,13.0,won,1st,v Pakistan,Bristol,2006-08-28,0,2006
8,Bangladesh,won,43 runs,,lost,1st,v Zimbabwe,Khulna,2006-11-28,1,2006
9,South Africa,lost,6 wickets,1.0,won,1st,v India,Johannesburg,2006-12-01,0,2006
10,New Zealand,lost,18 runs,,won,1st,v Sri Lanka,Wellington,2006-12-22,0,2006
11,Sri Lanka,lost,5 wickets,9.0,lost,1st,v New Zealand,Auckland,2006-12-26,0,2006
12,Australia,won,77 runs,,won,1st,v England,Sydney,2007-01-09,1,2007
13,Pakistan,lost,10 wickets,51.0,lost,1st,v South Africa,Johannesburg,2007-02-02,0,2007
14,West Indies,won,15 runs,,won,1st,v England,The Oval,2007-06-28,1,2007
15,West Indies,lost,5 wickets,3.0,won,1st,v England,The Oval,2007-06-29,0,2007
16,Kenya,lost,5 wickets,14.0,lost,1st,v Bangladesh,Nairobi (Gym),2007-09-01,0,2007
17,Pakistan,won,30 runs,,lost,1st,v Bangladesh,Nairobi (Gym),2007-09-02,1,2007
18,Kenya,lost,8 wickets,36.0,won,1st,v Pakistan,Nairobi (Gym),2007-09-04,0,2007
19,West Indies,lost,8 wickets,14.0,lost,1st,v South Africa,Johannesburg,2007-09-11,0,2007
20,Kenya,lost,9 wickets,74.0,lost,1st,v New Zealand,Durban,2007-09-12,0,2007
21,Pakistan,won,51 runs,,lost,1st,v Scotland,Durban,2007-09-12,1,2007
22,Australia,lost,5 wickets,1.0,won,1st,v Zimbabwe,Cape Town,2007-09-12,0,2007
23,West Indies,lost,6 wickets,12.0,lost,1st,v Bangladesh,Johannesburg,2007-09-13,0,2007
24,England,won,50 runs,,won,1st,v Zimbabwe,Cape Town,2007-09-13,1,2007
25,Sri Lanka,won,172 runs,,lost,1st,v Kenya,Johannesburg,2007-09-14,1,2007
26,England,lost,8 wickets,31.0,won,1st,v Australia,Cape Town,2007-09-14,0,2007
27,India,tied,-,,lost,1st,v Pakistan,Durban,2007-09-14,0,2007
28,New Zealand,lost,7 wickets,7.0,won,1st,v Sri Lanka,Johannesburg,2007-09-15,0,2007
29,Bangladesh,lost,7 wickets,7.0,lost,1st,v South Africa,Cape Town,2007-09-15,0,2007
30,New Zealand,won,10 runs,,lost,1st,v India,Johannesburg,2007-09-16,1,2007
31,Bangladesh,lost,9 wickets,37.0,lost,1st,v Australia,Cape Town,2007-09-16,0,2007
32,South Africa,won,19 runs,,lost,1st,v England,Cape Town,2007-09-16,1,2007
33,Pakistan,won,33 runs,,lost,1st,v Sri Lanka,Johannesburg,2007-09-17,1,2007
34,New Zealand,won,5 runs,,lost,1st,v England,Durban,2007-09-18,1,2007
35,Australia,lost,6 wickets,5.0,lost,1st,v Pakistan,Johannesburg,2007-09-18,0,2007
36,Sri Lanka,won,64 runs,,lost,1st,v Bangladesh,Johannesburg,2007-09-18,1,2007
37,New Zealand,lost,6 wickets,5.0,lost,1st,v South Africa,Durban,2007-09-19,0,2007
38,India,won,18 runs,,won,1st,v England,Durban,2007-09-19,1,2007
39,Sri Lanka,lost,10 wickets,58.0,lost,1st,v Australia,Cape Town,2007-09-20,0,2007
40,Bangladesh,lost,4 wickets,6.0,lost,1st,v Pakistan,Cape Town,2007-09-20,0,2007
41,India,won,37 runs,,won,1st,v South Africa,Durban,2007-09-20,1,2007
42,New Zealand,lost,6 wickets,7.0,won,1st,v Pakistan,Cape Town,2007-09-22,0,2007
43,India,won,15 runs,,won,1st,v Australia,Durban,2007-09-22,1,2007
44,India,won,5 runs,,won,1st,v Pakistan,Johannesburg,2007-09-24,1,2007
45,Australia,lost,7 wickets,11.0,won,1st,v India,Mumbai (BS),2007-10-20,0,2007
46,New Zealand,lost,3 wickets,1.0,lost,1st,v South Africa,Johannesburg,2007-11-23,0,2007
47,Australia,won,54 runs,,won,1st,v New Zealand,Perth,2007-12-11,1,2007
48,South Africa,lost,5 wickets,19.0,lost,1st,v West Indies,Port Elizabeth,2007-12-16,0,2007
49,West Indies,lost,4 wickets,4.0,lost,1st,v South Africa,Johannesburg,2008-01-18,0,2008
50,India,lost,9 wickets,52.0,won,1st,v Australia,Melbourne,2008-02-01,0,2008
51,England,won,32 runs,,lost,1st,v New Zealand,Auckland,2008-02-05,1,2008
52,England,won,50 runs,,won,1st,v New Zealand,Christchurch,2008-02-07,1,2008
53,Pakistan,won,102 runs,,won,1st,v Bangladesh,Karachi,2008-04-20,1,2008
54,New Zealand,lost,9 wickets,15.0,lost,1st,v England,Manchester,2008-06-13,0,2008
55,Australia,lost,7 wickets,11.0,lost,1st,v West Indies,Bridgetown,2008-06-20,0,2008
56,Netherlands,won,19 runs,,lost,1st,v Kenya,Belfast,2008-08-02,1,2008
57,Scotland,lost,4 wickets,1.0,won,1st,v Ireland,Belfast,2008-08-02,0,2008
58,Netherlands,lost,4 wickets,3.0,won,1st,v Canada,Belfast,2008-08-02,0,2008
59,Bermuda,lost,8 wickets,14.0,lost,1st,v Scotland,Belfast,2008-08-03,0,2008
60,Canada,lost,4 wickets,13.0,won,1st,v Kenya,Belfast,2008-08-03,0,2008
61,Ireland,won,4 runs,,won,1st,v Bermuda,Belfast,2008-08-03,1,2008
62,Kenya,lost,4 wickets,5.0,lost,1st,v Ireland,Belfast,2008-08-04,0,2008
63,Scotland,lost,5 wickets,12.0,lost,1st,v Netherlands,Belfast,2008-08-04,0,2008
64,Kenya,lost,9 wickets,11.0,won,1st,v Scotland,Belfast,2008-08-04,0,2008
65,Bermuda,lost,8 wickets,57.0,lost,1st,v Canada,Belfast,2008-08-05,0,2008
66,Zimbabwe,lost,5 wickets,6.0,lost,1st,v Sri Lanka,King City (NW),2008-10-10,0,2008
67,Pakistan,won,35 runs,,won,1st,v Canada,King City (NW),2008-10-10,1,2008
68,Canada,tied,-,,lost,1st,v Zimbabwe,King City (NW),2008-10-11,0,2008
69,Sri Lanka,lost,3 wickets,1.0,lost,1st,v Pakistan,King City (NW),2008-10-11,0,2008
70,Zimbabwe,lost,7 wickets,6.0,won,1st,v Pakistan,King City (NW),2008-10-12,0,2008
71,Sri Lanka,won,15 runs,,won,1st,v Canada,King City (NW),2008-10-12,1,2008
72,Zimbabwe,won,109 runs,,lost,1st,v Canada,King City (NW),2008-10-13,1,2008
73,Pakistan,lost,5 wickets,6.0,lost,1st,v Sri Lanka,King City (NW),2008-10-13,0,2008
74,South Africa,won,12 runs,,lost,1st,v Bangladesh,Johannesburg,2008-11-05,1,2008
75,New Zealand,tied,-,,won,1st,v West Indies,Auckland,2008-12-26,0,2008
76,New Zealand,won,36 runs,,won,1st,v West Indies,Hamilton,2008-12-28,1,2008
77,Australia,won,52 runs,,won,1st,v South Africa,Melbourne,2009-01-11,1,2009
78,South Africa,lost,6 wickets,7.0,won,1st,v Australia,Brisbane,2009-01-13,0,2009
79,Sri Lanka,lost,3 wickets,4.0,won,1st,v India,Colombo (RPS),2009-02-10,0,2009
80,Australia,won,1 runs,,won,1st,v New Zealand,Sydney,2009-02-15,1,2009
81,India,lost,7 wickets,7.0,lost,1st,v New Zealand,Christchurch,2009-02-25,0,2009
82,India,lost,5 wickets,0.0,lost,1st,v New Zealand,Wellington,2009-02-27,0,2009
83,England,lost,6 wickets,12.0,lost,1st,v West Indies,Port of Spain,2009-03-15,0,2009
84,Australia,lost,4 wickets,4.0,lost,1st,v South Africa,Johannesburg,2009-03-27,0,2009
85,South Africa,won,17 runs,,lost,1st,v Australia,Centurion,2009-03-29,1,2009
86,Australia,lost,7 wickets,22.0,lost,1st,v Pakistan,Dubai (DSC),2009-05-07,0,2009
87,England,lost,4 wickets,0.0,lost,1st,v Netherlands,Lord's,2009-06-05,0,2009
88,Scotland,lost,7 wickets,6.0,lost,1st,v New Zealand,The Oval,2009-06-06,0,2009
89,Australia,lost,7 wickets,25.0,won,1st,v West Indies,The Oval,2009-06-06,0,2009
90,India,won,25 runs,,won,1st,v Bangladesh,Nottingham,2009-06-06,1,2009
91,South Africa,won,130 runs,,lost,1st,v Scotland,The Oval,2009-06-07,1,2009
92,England,won,48 runs,,lost,1st,v Pakistan,The Oval,2009-06-07,1,2009
93,Bangladesh,lost,6 wickets,10.0,lost,1st,v Ireland,Nottingham,2009-06-08,0,2009
94,Australia,lost,6 wickets,6.0,lost,1st,v Sri Lanka,Nottingham,2009-06-08,0,2009
95,Pakistan,won,82 runs,,won,1st,v Netherlands,Lord's,2009-06-09,1,2009
96,South Africa,won,1 runs,,lost,1st,v New Zealand,Lord's,2009-06-09,1,2009
97,Sri Lanka,won,15 runs,,lost,1st,v West Indies,Nottingham,2009-06-10,1,2009
98,Ireland,lost,8 wickets,15.0,lost,1st,v India,Nottingham,2009-06-10,0,2009
99,New Zealand,won,83 runs,,lost,1st,v Ireland,Nottingham,2009-06-11,1,2009
100,England,lost,7 wickets,10.0,won,1st,v South Africa,Nottingham,2009-06-11,0,2009
101,Sri Lanka,won,19 runs,,won,1st,v Pakistan,Lord's,2009-06-12,1,2009
102,India,lost,7 wickets,8.0,won,1st,v West Indies,Lord's,2009-06-12,0,2009
103,South Africa,won,20 runs,,lost,1st,v West Indies,The Oval,2009-06-13,1,2009
104,New Zealand,lost,6 wickets,41.0,won,1st,v Pakistan,The Oval,2009-06-13,0,2009
105,Sri Lanka,won,9 runs,,won,1st,v Ireland,Lord's,2009-06-14,1,2009
106,England,won,3 runs,,lost,1st,v India,Lord's,2009-06-14,1,2009
107,Pakistan,won,39 runs,,won,1st,v Ireland,The Oval,2009-06-15,1,2009
108,England,lost,5 wickets,4.0,won,1st,v West Indies,The Oval,2009-06-15,0,2009
109,Sri Lanka,won,48 runs,,won,1st,v New Zealand,Nottingham,2009-06-16,1,2009
110,South Africa,won,12 runs,,won,1st,v India,Nottingham,2009-06-16,1,2009
111,Pakistan,won,7 runs,,won,1st,v South Africa,Nottingham,2009-06-18,1,2009
112,Sri Lanka,won,57 runs,,lost,1st,v West Indies,The Oval,2009-06-19,1,2009
113,Sri Lanka,lost,8 wickets,8.0,won,1st,v Pakistan,Lord's,2009-06-21,0,2009
114,Bangladesh,lost,5 wickets,19.0,won,1st,v West Indies,Basseterre,2009-08-02,0,2009
115,Pakistan,won,52 runs,,won,1st,v Sri Lanka,Colombo (RPS),2009-08-12,1,2009
116,New Zealand,won,3 runs,,won,1st,v Sri Lanka,Colombo (RPS),2009-09-02,1,2009
117,New Zealand,won,22 runs,,won,1st,v Sri Lanka,Colombo (RPS),2009-09-04,1,2009
118,Pakistan,won,49 runs,,lost,1st,v New Zealand,Dubai (DSC),2009-11-12,1,2009
119,Pakistan,won,7 runs,,won,1st,v New Zealand,Dubai (DSC),2009-11-13,1,2009
120,England,won,1 runs,,lost,1st,v South Africa,Johannesburg,2009-11-13,1,2009
121,South Africa,won,84 runs,,won,1st,v England,Centurion,2009-11-15,1,2009
122,Sri Lanka,won,29 runs,,lost,1st,v India,Nagpur,2009-12-09,1,2009
123,Sri Lanka,lost,6 wickets,5.0,won,1st,v India,Mohali,2009-12-12,0,2009
124,Afghanistan,lost,5 wickets,11.0,won,1st,v Ireland,Colombo (PSS),2010-02-01,0,2010
125,Scotland,lost,10 wickets,45.0,lost,1st,v Kenya,Nairobi (Gym),2010-02-01,0,2010
126,Canada,won,4 runs,,lost,1st,v Ireland,Colombo (SSC),2010-02-03,1,2010
127,Bangladesh,lost,10 wickets,70.0,won,1st,v New Zealand,Hamilton,2010-02-03,0,2010
128,Canada,lost,5 wickets,1.0,won,1st,v Afghanistan,Colombo (SSC),2010-02-04,0,2010
129,Scotland,lost,10 wickets,33.0,lost,1st,v Kenya,Nairobi (Gym),2010-02-04,0,2010
130,Australia,won,2 runs,,won,1st,v Pakistan,Melbourne,2010-02-05,1,2010
131,Afghanistan,won,13 runs,,lost,1st,v Ireland,Dubai (DSC),2010-02-09,1,2010
132,Canada,lost,6 wickets,5.0,won,1st,v Netherlands,Dubai (DSC),2010-02-09,0,2010
133,Afghanistan,won,14 runs,,lost,1st,v Scotland,Abu Dhabi,2010-02-10,1,2010
134,Canada,lost,9 wickets,31.0,lost,1st,v Kenya,Dubai (DSC),2010-02-10,0,2010
135,Kenya,lost,7 wickets,5.0,lost,1st,v Netherlands,Abu Dhabi,2010-02-11,0,2010
136,Ireland,won,37 runs,,won,1st,v Scotland,Dubai (DSC),2010-02-11,1,2010
137,Afghanistan,lost,4 wickets,7.0,lost,1st,v Netherlands,Dubai (DSC),2010-02-12,0,2010
138,Ireland,won,65 runs,,won,1st,v Netherlands,Dubai (DSC),2010-02-13,1,2010
139,Ireland,lost,8 wickets,15.0,won,1st,v Afghanistan,Dubai (DSC),2010-02-13,0,2010
140,Pakistan,lost,7 wickets,9.0,won,1st,v England,Dubai (DSC),2010-02-19,0,2010
141,England,lost,4 wickets,6.0,lost,1st,v Pakistan,Dubai (DSC),2010-02-20,0,2010
142,Australia,won,38 runs,,won,1st,v West Indies,Hobart,2010-02-21,1,2010
143,West Indies,lost,8 wickets,50.0,won,1st,v Australia,Sydney,2010-02-23,0,2010
144,New Zealand,lost,6 wickets,24.0,won,1st,v Australia,Wellington,2010-02-26,0,2010
145,New Zealand,tied,-,,won,1st,v Australia,Christchurch,2010-02-28,0,2010
146,Zimbabwe,won,26 runs,,won,1st,v West Indies,Port of Spain,2010-02-28,1,2010
147,Sri Lanka,lost,2 wickets,1.0,won,1st,v New Zealand,Providence,2010-04-30,0,2010
148,West Indies,won,70 runs,,won,1st,v Ireland,Providence,2010-04-30,1,2010
149,Afghanistan,lost,7 wickets,31.0,lost,1st,v India,Gros Islet,2010-05-01,0,2010
150,Pakistan,won,21 runs,,won,1st,v Bangladesh,Gros Islet,2010-05-01,1,2010
151,India,won,14 runs,,lost,1st,v South Africa,Gros Islet,2010-05-02,1,2010
152,Australia,won,34 runs,,won,1st,v Pakistan,Gros Islet,2010-05-02,1,2010
153,Sri Lanka,won,14 runs,,won,1st,v Zimbabwe,Providence,2010-05-03,1,2010
154,England,lost,8 wickets,1.0,lost,1st,v West Indies,Providence,2010-05-03,0,2010
155,Zimbabwe,lost,7 runs,,lost,1st,v New Zealand,Providence,2010-05-04,0,2010
156,Australia,won,27 runs,,won,1st,v Bangladesh,Bridgetown,2010-05-05,1,2010
157,South Africa,won,59 runs,,lost,1st,v Afghanistan,Bridgetown,2010-05-05,1,2010
158,Pakistan,lost,6 wickets,3.0,lost,1st,v England,Bridgetown,2010-05-06,0,2010
159,South Africa,won,13 runs,,won,1st,v New Zealand,Bridgetown,2010-05-06,1,2010
160,Australia,won,49 runs,,lost,1st,v India,Bridgetown,2010-05-07,1,2010
161,Sri Lanka,won,57 runs,,won,1st,v West Indies,Bridgetown,2010-05-07,1,2010
162,New Zealand,won,1 runs,,lost,1st,v Pakistan,Bridgetown,2010-05-08,1,2010
163,England,won,39 runs,,won,1st,v South Africa,Bridgetown,2010-05-08,1,2010
164,West Indies,won,14 runs,,lost,1st,v India,Bridgetown,2010-05-09,1,2010
165,Australia,won,81 runs,,won,1st,v Sri Lanka,Bridgetown,2010-05-09,1,2010
166,Pakistan,won,11 runs,,won,1st,v South Africa,Gros Islet,2010-05-10,1,2010
167,New Zealand,lost,3 wickets,5.0,won,1st,v England,Gros Islet,2010-05-10,0,2010
168,India,lost,5 wickets,0.0,won,1st,v Sri Lanka,Gros Islet,2010-05-11,0,2010
169,West Indies,lost,6 wickets,22.0,won,1st,v Australia,Gros Islet,2010-05-11,0,2010
170,Sri Lanka,lost,7 wickets,24.0,won,1st,v England,Gros Islet,2010-05-13,0,2010
171,Pakistan,lost,3 wickets,1.0,lost,1st,v Australia,Gros Islet,2010-05-14,0,2010
172,Australia,lost,7 wickets,18.0,lost,1st,v England,Bridgetown,2010-05-16,0,2010
173,South Africa,won,13 runs,,lost,1st,v West Indies,North Sound,2010-05-19,1,2010
174,South Africa,won,1 runs,,lost,1st,v West Indies,North Sound,2010-05-20,1,2010
175,New Zealand,won,28 runs,,won,1st,v Sri Lanka,Lauderhill,2010-05-22,1,2010
176,New Zealand,lost,7 wickets,27.0,won,1st,v Sri Lanka,Lauderhill,2010-05-23,0,2010
177,Zimbabwe,lost,6 wickets,30.0,lost,1st,v India,Harare,2010-06-12,0,2010
178,Zimbabwe,lost,7 wickets,12.0,lost,1st,v India,Harare,2010-06-13,0,2010
179,Pakistan,won,23 runs,,won,1st,v Australia,Birmingham,2010-07-05,1,2010
180,Pakistan,won,11 runs,,won,1st,v Australia,Birmingham,2010-07-06,1,2010
181,Pakistan,lost,5 wickets,17.0,lost,1st,v England,Cardiff,2010-09-05,0,2010
182,Pakistan,lost,6 wickets,36.0,won,1st,v England,Cardiff,2010-09-07,0,2010
183,Zimbabwe,lost,7 wickets,25.0,won,1st,v South Africa,Bloemfontein,2010-10-08,0,2010
184,South Africa,won,8 runs,,won,1st,v Zimbabwe,Kimberley,2010-10-10,1,2010
185,Pakistan,lost,6 wickets,10.0,won,1st,v South Africa,Abu Dhabi,2010-10-26,0,2010
186,Pakistan,lost,6 wickets,8.0,won,1st,v South Africa,Abu Dhabi,2010-10-27,0,2010
187,Australia,lost,7 wickets,21.0,won,1st,v Sri Lanka,Perth,2010-10-31,0,2010
188,Pakistan,lost,5 wickets,17.0,lost,1st,v New Zealand,Auckland,2010-12-26,0,2010
189,New Zealand,won,39 runs,,lost,1st,v Pakistan,Hamilton,2010-12-28,1,2010
190,Pakistan,won,103 runs,,won,1st,v New Zealand,Christchurch,2010-12-30,1,2010
191,India,won,21 runs,,won,1st,v South Africa,Durban,2011-01-09,1,2011
192,Australia,lost,1 wickets,0.0,won,1st,v England,Adelaide,2011-01-12,0,2011
193,Australia,won,4 runs,,won,1st,v England,Melbourne,2011-01-14,1,2011
194,West Indies,won,7 runs,,won,1st,v Pakistan,Gros Islet,2011-04-21,1,2011
195,India,won,16 runs,,lost,1st,v West Indies,Port of Spain,2011-06-04,1,2011
196,England,lost,9 wickets,16.0,lost,1st,v Sri Lanka,Bristol,2011-06-25,0,2011
197,Sri Lanka,won,35 runs,,lost,1st,v Australia,Pallekele,2011-08-06,1,2011
198,Sri Lanka,won,8 runs,,won,1st,v Australia,Pallekele,2011-08-08,1,2011
199,India,lost,6 wickets,3.0,won,1st,v England,Manchester,2011-08-31,0,2011
200,Pakistan,won,85 runs,,lost,1st,v Zimbabwe,Harare,2011-09-16,1,2011
201,Pakistan,won,5 runs,,won,1st,v Zimbabwe,Harare,2011-09-18,1,2011
202,West Indies,lost,10 wickets,28.0,lost,1st,v England,The Oval,2011-09-23,0,2011
203,West Indies,won,25 runs,,lost,1st,v England,The Oval,2011-09-25,1,2011
204,West Indies,lost,3 wickets,1.0,lost,1st,v Bangladesh,Dhaka,2011-10-11,0,2011
205,South Africa,lost,5 wickets,3.0,won,1st,v Australia,Cape Town,2011-10-13,0,2011
206,Zimbabwe,lost,10 wickets,39.0,lost,1st,v New Zealand,Harare,2011-10-15,0,2011
207,Australia,lost,3 wickets,5.0,won,1st,v South Africa,Johannesburg,2011-10-16,0,2011
208,New Zealand,won,34 runs,,lost,1st,v Zimbabwe,Harare,2011-10-17,1,2011
209,India,lost,6 wickets,8.0,won,1st,v England,Kolkata,2011-10-29,0,2011
210,Sri Lanka,lost,5 wickets,3.0,won,1st,v Pakistan,Abu Dhabi,2011-11-25,0,2011
211,Pakistan,won,50 runs,,won,1st,v Bangladesh,Dhaka,2011-11-29,1,2011
212,Australia,won,31 runs,,lost,1st,v India,Sydney,2012-02-01,1,2012
213,Australia,lost,8 wickets,2.0,won,1st,v India,Melbourne,2012-02-03,0,2012
214,Zimbabwe,lost,7 wickets,19.0,won,1st,v New Zealand,Auckland,2012-02-11,0,2012
215,Zimbabwe,lost,5 wickets,2.0,won,1st,v New Zealand,Hamilton,2012-02-14,0,2012
216,South Africa,lost,6 wickets,4.0,lost,1st,v New Zealand,Wellington,2012-02-17,0,2012
217,New Zealand,lost,8 wickets,24.0,lost,1st,v South Africa,Hamilton,2012-02-19,0,2012
218,South Africa,won,3 runs,,lost,1st,v New Zealand,Auckland,2012-02-22,1,2012
219,Kenya,lost,6 wickets,27.0,lost,1st,v Ireland,Mombasa,2012-02-22,0,2012
220,Kenya,lost,8 wickets,15.0,won,1st,v Ireland,Mombasa,2012-02-23,0,2012
221,Pakistan,won,8 runs,,lost,1st,v England,Dubai (DSC),2012-02-23,1,2012
222,Ireland,won,2 runs,,won,1st,v Kenya,Mombasa,2012-02-24,1,2012
223,England,won,38 runs,,won,1st,v Pakistan,Dubai (DSC),2012-02-25,1,2012
224,England,won,5 runs,,won,1st,v Pakistan,Abu Dhabi,2012-02-27,1,2012
225,Netherlands,won,42 runs,,won,1st,v Canada,Dubai (DSC),2012-03-13,1,2012
226,Scotland,won,14 runs,,won,1st,v Kenya,ICCA Dubai,2012-03-13,1,2012
227,Kenya,lost,10 wickets,76.0,won,1st,v Ireland,Dubai (DSC),2012-03-14,0,2012
228,Netherlands,lost,4 wickets,2.0,won,1st,v Afghanistan,Dubai (DSC),2012-03-14,0,2012
229,Afghanistan,won,41 runs,,won,1st,v Canada,ICCA Dubai,2012-03-18,1,2012
230,Ireland,won,17 runs,,won,1st,v Scotland,Dubai (DSC),2012-03-18,1,2012
231,Canada,lost,10 wickets,63.0,won,1st,v Ireland,Dubai (DSC),2012-03-22,0,2012
232,Scotland,lost,3 wickets,5.0,won,1st,v Netherlands,ICCA Dubai,2012-03-22,0,2012
233,Netherlands,lost,7 wickets,20.0,lost,1st,v Ireland,Dubai (DSC),2012-03-23,0,2012
234,Canada,lost,4 wickets,0.0,won,1st,v Scotland,Dubai (DSC),2012-03-23,0,2012
235,Afghanistan,lost,5 wickets,7.0,won,1st,v Ireland,Dubai (DSC),2012-03-24,0,2012
236,West Indies,lost,8 wickets,11.0,won,1st,v Australia,Gros Islet,2012-03-27,0,2012
237,South Africa,won,11 runs,,lost,1st,v India,Johannesburg,2012-03-30,1,2012
238,West Indies,won,14 runs,,won,1st,v Australia,Bridgetown,2012-03-30,1,2012
239,Sri Lanka,won,37 runs,,won,1st,v Pakistan,Hambantota,2012-06-01,1,2012
240,Pakistan,won,23 runs,,won,1st,v Sri Lanka,Hambantota,2012-06-03,1,2012
241,West Indies,lost,7 wickets,2.0,won,1st,v England,Nottingham,2012-06-24,0,2012
242,West Indies,won,56 runs,,lost,1st,v New Zealand,Lauderhill,2012-06-30,1,2012
243,West Indies,won,61 runs,,won,1st,v New Zealand,Lauderhill,2012-07-01,1,2012
244,Bangladesh,won,71 runs,,lost,1st,v Ireland,Belfast,2012-07-18,1,2012
245,Bangladesh,won,1 runs,,won,1st,v Ireland,Belfast,2012-07-20,1,2012
246,Ireland,lost,2 wickets,0.0,won,1st,v Bangladesh,Belfast,2012-07-21,0,2012
247,Scotland,won,34 runs,,won,1st,v Bangladesh,The Hague,2012-07-24,1,2012
248,Netherlands,lost,8 wickets,12.0,won,1st,v Bangladesh,The Hague,2012-07-25,0,2012
249,Bangladesh,lost,1 wickets,0.0,won,1st,v Netherlands,The Hague,2012-07-26,0,2012
250,India,won,39 runs,,lost,1st,v Sri Lanka,Pallekele,2012-08-07,1,2012
251,Australia,lost,7 wickets,31.0,lost,1st,v Pakistan,Dubai (DSC),2012-09-05,0,2012
252,Pakistan,tied,-,,won,1st,v Australia,Dubai (DSC),2012-09-07,0,2012
253,England,lost,7 wickets,6.0,lost,1st,v South Africa,Chester-le-Street,2012-09-08,0,2012
254,Australia,won,94 runs,,lost,1st,v Pakistan,Dubai (DSC),2012-09-10,1,2012
255,New Zealand,won,1 runs,,lost,1st,v India,Chennai,2012-09-11,1,2012
256,England,won,28 runs,,lost,1st,v South Africa,Birmingham,2012-09-12,1,2012
257,Sri Lanka,won,82 runs,,lost,1st,v Zimbabwe,Hambantota,2012-09-18,1,2012
258,Ireland,lost,7 wickets,29.0,won,1st,v Australia,Colombo (RPS),2012-09-19,0,2012
259,India,won,23 runs,,lost,1st,v Afghanistan,Colombo (RPS),2012-09-19,1,2012
260,Zimbabwe,lost,10 wickets,44.0,lost,1st,v South Africa,Hambantota,2012-09-20,0,2012
261,New Zealand,won,59 runs,,lost,1st,v Bangladesh,Pallekele,2012-09-21,1,2012
262,England,won,116 runs,,lost,1st,v Afghanistan,Colombo (RPS),2012-09-21,1,2012
263,South Africa,won,32 runs,,lost,1st,v Sri Lanka,Hambantota,2012-09-22,1,2012
264,West Indies,lost,17 runs,,won,1st,v Australia,Colombo (RPS),2012-09-22,0,2012
265,Pakistan,won,13 runs,,won,1st,v New Zealand,Pallekele,2012-09-23,1,2012
266,India,won,90 runs,,lost,1st,v England,Colombo (RPS),2012-09-23,1,2012
267,Bangladesh,lost,8 wickets,8.0,won,1st,v Pakistan,Pallekele,2012-09-25,0,2012
268,New Zealand,tied,-,,won,1st,v Sri Lanka,Pallekele,2012-09-27,0,2012
269,West Indies,won,15 runs,,won,1st,v England,Pallekele,2012-09-27,1,2012
270,South Africa,lost,2 wickets,2.0,won,1st,v Pakistan,Colombo (RPS),2012-09-28,0,2012
271,India,lost,9 wickets,31.0,won,1st,v Australia,Colombo (RPS),2012-09-28,0,2012
272,New Zealand,lost,6 wickets,7.0,won,1st,v England,Pallekele,2012-09-29,0,2012
273,West Indies,lost,9 wickets,28.0,won,1st,v Sri Lanka,Pallekele,2012-09-29,0,2012
274,South Africa,lost,8 wickets,14.0,lost,1st,v Australia,Colombo (RPS),2012-09-30,0,2012
275,Pakistan,lost,8 wickets,18.0,won,1st,v India,Colombo (RPS),2012-09-30,0,2012
276,West Indies,tied,-,,lost,1st,v New Zealand,Pallekele,2012-10-01,0,2012
277,Sri Lanka,won,19 runs,,lost,1st,v England,Pallekele,2012-10-01,1,2012
278,Pakistan,won,32 runs,,lost,1st,v Australia,Colombo (RPS),2012-10-02,1,2012
279,India,won,1 runs,,lost,1st,v South Africa,Colombo (RPS),2012-10-02,1,2012
280,Sri Lanka,won,16 runs,,won,1st,v Pakistan,Colombo (RPS),2012-10-04,1,2012
281,West Indies,won,74 runs,,won,1st,v Australia,Colombo (RPS),2012-10-05,1,2012
282,West Indies,won,36 runs,,won,1st,v Sri Lanka,Colombo (RPS),2012-10-07,1,2012
283,West Indies,won,18 runs,,won,1st,v Bangladesh,Dhaka,2012-12-10,1,2012
284,England,lost,5 wickets,13.0,lost,1st,v India,Pune,2012-12-20,0,2012
285,New Zealand,lost,8 wickets,47.0,won,1st,v South Africa,Durban,2012-12-21,0,2012
286,India,lost,6 wickets,0.0,lost,1st,v England,Mumbai,2012-12-22,0,2012
287,South Africa,lost,8 wickets,0.0,lost,1st,v New Zealand,East London,2012-12-23,0,2012
288,India,lost,5 wickets,2.0,lost,1st,v Pakistan,Bengaluru,2012-12-25,0,2012
289,South Africa,won,33 runs,,won,1st,v New Zealand,Port Elizabeth,2012-12-26,1,2012
290,India,won,11 runs,,lost,1st,v Pakistan,Ahmedabad,2012-12-28,1,2012
291,Australia,lost,5 wickets,7.0,won,1st,v Sri Lanka,Sydney,2013-01-26,0,2013
292,Sri Lanka,won,2 runs,,lost,1st,v Australia,Melbourne,2013-01-28,1,2013
293,England,won,40 runs,,lost,1st,v New Zealand,Auckland,2013-02-09,1,2013
294,New Zealand,won,55 runs,,lost,1st,v England,Hamilton,2013-02-12,1,2013
295,West Indies,won,27 runs,,won,1st,v Australia,Brisbane,2013-02-13,1,2013
296,New Zealand,lost,10 wickets,44.0,lost,1st,v England,Wellington,2013-02-15,0,2013
297,Zimbabwe,lost,8 wickets,23.0,won,1st,v West Indies,North Sound,2013-03-02,0,2013
298,Pakistan,won,95 runs,,won,1st,v South Africa,Centurion,2013-03-03,1,2013
299,Afghanistan,won,27 runs,,won,1st,v Scotland,Sharjah,2013-03-03,1,2013
300,West Indies,won,41 runs,,won,1st,v Zimbabwe,North Sound,2013-03-03,1,2013
301,Scotland,lost,7 wickets,15.0,won,1st,v Afghanistan,Sharjah,2013-03-04,0,2013
302,Kenya,lost,5 wickets,9.0,won,1st,v Canada,ICCA Dubai,2013-03-15,0,2013
303,Kenya,won,21 runs,,won,1st,v Canada,ICCA Dubai,2013-03-16,1,2013
304,Sri Lanka,won,17 runs,,lost,1st,v Bangladesh,Pallekele,2013-03-31,1,2013
305,Netherlands,lost,5 wickets,6.0,won,1st,v Kenya,Windhoek,2013-04-19,0,2013
306,Netherlands,lost,7 wickets,46.0,lost,1st,v Kenya,Windhoek,2013-04-20,0,2013
307,Zimbabwe,won,6 runs,,won,1st,v Bangladesh,Bulawayo,2013-05-11,1,2013
308,Bangladesh,won,34 runs,,won,1st,v Zimbabwe,Bulawayo,2013-05-12,1,2013
309,New Zealand,won,5 runs,,lost,1st,v England,The Oval,2013-06-25,1,2013
310,Scotland,won,35 runs,,won,1st,v Kenya,Aberdeen,2013-07-04,1,2013
311,Kenya,lost,7 wickets,9.0,won,1st,v Scotland,Aberdeen,2013-07-05,0,2013
312,West Indies,lost,2 wickets,0.0,won,1st,v Pakistan,Kingstown,2013-07-27,0,2013
313,Pakistan,won,11 runs,,won,1st,v West Indies,Kingstown,2013-07-28,1,2013
314,South Africa,won,12 runs,,won,1st,v Sri Lanka,Colombo (RPS),2013-08-02,1,2013
315,South Africa,won,22 runs,,won,1st,v Sri Lanka,Hambantota,2013-08-04,1,2013
316,South Africa,lost,6 wickets,11.0,won,1st,v Sri Lanka,Hambantota,2013-08-06,0,2013
317,Pakistan,won,25 runs,,lost,1st,v Zimbabwe,Harare,2013-08-23,1,2013
318,Pakistan,won,19 runs,,lost,1st,v Zimbabwe,Harare,2013-08-24,1,2013
319,Australia,won,39 runs,,lost,1st,v England,Southampton,2013-08-29,1,2013
320,England,won,27 runs,,lost,1st,v Australia,Chester-le-Street,2013-08-31,1,2013
321,Afghanistan,won,106 runs,,won,1st,v Kenya,Sharjah,2013-09-30,1,2013
322,Australia,lost,6 wickets,2.0,lost,1st,v India,Rajkot,2013-10-10,0,2013
323,Kenya,won,34 runs,,won,1st,v Afghanistan,Sharjah,2013-10-11,1,2013
324,New Zealand,won,15 runs,,won,1st,v Bangladesh,Dhaka,2013-11-06,1,2013
325,Pakistan,lost,9 wickets,33.0,won,1st,v South Africa,Dubai (DSC),2013-11-13,0,2013
326,Afghanistan,lost,7 wickets,43.0,won,1st,v Netherlands,Sharjah,2013-11-15,0,2013
327,South Africa,won,6 runs,,won,1st,v Pakistan,Dubai (DSC),2013-11-15,1,2013
328,Afghanistan,won,17 runs,,won,1st,v Scotland,Sharjah,2013-11-16,1,2013
329,Ireland,won,2 runs,,lost,1st,v Canada,Abu Dhabi,2013-11-16,1,2013
330,Kenya,won,92 runs,,won,1st,v Scotland,ICCA Dubai,2013-11-19,1,2013
331,South Africa,won,4 runs,,lost,1st,v Pakistan,Johannesburg,2013-11-20,1,2013
332,New Zealand,lost,8 wickets,13.0,lost,1st,v Sri Lanka,Pallekele,2013-11-21,0,2013
333,Scotland,won,15 runs,,lost,1st,v Netherlands,ICCA Dubai,2013-11-22,1,2013
334,Pakistan,won,6 runs,,won,1st,v South Africa,Cape Town,2013-11-22,1,2013
335,Netherlands,won,29 runs,,won,1st,v Kenya,ICCA Dubai,2013-11-23,1,2013
336,Afghanistan,won,34 runs,,won,1st,v Kenya,Sharjah,2013-11-24,1,2013
337,Kenya,won,21 runs,,won,1st,v Canada,Sharjah,2013-11-26,1,2013
338,Scotland,lost,8 wickets,13.0,won,1st,v Netherlands,Abu Dhabi,2013-11-28,0,2013
339,Ireland,won,68 runs,,won,1st,v Afghanistan,Abu Dhabi,2013-11-30,1,2013
340,Afghanistan,lost,6 wickets,1.0,won,1st,v Pakistan,Sharjah,2013-12-08,0,2013
341,Sri Lanka,lost,3 wickets,5.0,lost,1st,v Pakistan,Dubai (DSC),2013-12-11,0,2013
342,Sri Lanka,won,24 runs,,lost,1st,v Pakistan,Dubai (DSC),2013-12-13,1,2013
343,New Zealand,won,81 runs,,won,1st,v West Indies,Auckland,2014-01-11,1,2014
344,West Indies,lost,4 wickets,6.0,won,1st,v New Zealand,Wellington,2014-01-15,0,2014
345,Australia,won,13 runs,,won,1st,v England,Hobart,2014-01-29,1,2014
346,England,lost,8 wickets,31.0,won,1st,v Australia,Melbourne,2014-01-31,0,2014
347,Australia,won,84 runs,,won,1st,v England,Sydney,2014-02-02,1,2014
348,Sri Lanka,won,2 runs,,lost,1st,v Bangladesh,Chattogram,2014-02-12,1,2014
349,Bangladesh,lost,3 wickets,0.0,won,1st,v Sri Lanka,Chattogram,2014-02-14,0,2014
350,West Indies,lost,6 wickets,5.0,won,1st,v Ireland,Kingston,2014-02-19,0,2014
351,West Indies,won,11 runs,,lost,1st,v Ireland,Kingston,2014-02-21,1,2014
352,West Indies,won,27 runs,,won,1st,v England,Bridgetown,2014-03-09,1,2014
353,England,lost,5 wickets,7.0,won,1st,v West Indies,Bridgetown,2014-03-11,0,2014
354,South Africa,lost,5 wickets,2.0,lost,1st,v Australia,Durban,2014-03-12,0,2014
355,England,won,5 runs,,won,1st,v West Indies,Bridgetown,2014-03-13,1,2014
356,South Africa,lost,6 wickets,30.0,lost,1st,v Australia,Centurion,2014-03-14,0,2014
357,Afghanistan,lost,9 wickets,48.0,lost,1st,v Bangladesh,Dhaka,2014-03-16,0,2014
358,Nepal,won,80 runs,,lost,1st,v Hong Kong,Chattogram,2014-03-16,1,2014
359,Zimbabwe,lost,3 wickets,0.0,lost,1st,v Ireland,Sylhet,2014-03-17,0,2014
360,U.A.E.,lost,6 wickets,7.0,won,1st,v Netherlands,Sylhet,2014-03-17,0,2014
361,Hong Kong,lost,7 wickets,12.0,won,1st,v Afghanistan,Chattogram,2014-03-18,0,2014
362,Nepal,lost,8 wickets,27.0,lost,1st,v Bangladesh,Chattogram,2014-03-18,0,2014
363,Netherlands,lost,5 wickets,0.0,won,1st,v Zimbabwe,Sylhet,2014-03-19,0,2014
364,U.A.E.,lost,21 runs,,lost,1st,v Ireland,Sylhet,2014-03-19,0,2014
365,Nepal,won,9 runs,,lost,1st,v Afghanistan,Chattogram,2014-03-20,1,2014
366,Bangladesh,lost,2 wickets,2.0,lost,1st,v Hong Kong,Chattogram,2014-03-20,0,2014
367,U.A.E.,lost,5 wickets,38.0,lost,1st,v Zimbabwe,Sylhet,2014-03-21,0,2014
368,Ireland,lost,6 wickets,37.0,lost,1st,v Netherlands,Sylhet,2014-03-21,0,2014
369,Pakistan,lost,7 wickets,9.0,lost,1st,v India,Dhaka,2014-03-21,0,2014
370,Sri Lanka,won,5 runs,,won,1st,v South Africa,Chattogram,2014-03-22,1,2014
371,England,lost,9 runs,,lost,1st,v New Zealand,Chattogram,2014-03-22,0,2014
372,Pakistan,won,16 runs,,lost,1st,v Australia,Dhaka,2014-03-23,1,2014
373,West Indies,lost,7 wickets,2.0,lost,1st,v India,Dhaka,2014-03-23,0,2014
374,South Africa,won,2 runs,,lost,1st,v New Zealand,Chattogram,2014-03-24,1,2014
375,Netherlands,lost,9 wickets,90.0,lost,1st,v Sri Lanka,Chattogram,2014-03-24,0,2014
376,West Indies,won,73 runs,,lost,1st,v Bangladesh,Dhaka,2014-03-25,1,2014
377,South Africa,won,6 runs,,lost,1st,v Netherlands,Chattogram,2014-03-27,1,2014
378,Sri Lanka,lost,6 wickets,4.0,lost,1st,v England,Chattogram,2014-03-27,0,2014
379,Australia,lost,6 wickets,2.0,won,1st,v West Indies,Dhaka,2014-03-28,0,2014
380,Bangladesh,lost,8 wickets,9.0,lost,1st,v India,Dhaka,2014-03-28,0,2014
381,Netherlands,lost,6 wickets,6.0,lost,1st,v New Zealand,Chattogram,2014-03-29,0,2014
382,South Africa,won,3 runs,,lost,1st,v England,Chattogram,2014-03-29,1,2014
383,Pakistan,won,50 runs,,won,1st,v Bangladesh,Dhaka,2014-03-30,1,2014
384,India,won,73 runs,,lost,1st,v Australia,Dhaka,2014-03-30,1,2014
385,Netherlands,won,45 runs,,lost,1st,v England,Chattogram,2014-03-31,1,2014
386,Sri Lanka,won,59 runs,,lost,1st,v New Zealand,Chattogram,2014-03-31,1,2014
387,Bangladesh,lost,7 wickets,15.0,won,1st,v Australia,Dhaka,2014-04-01,0,2014
388,West Indies,won,84 runs,,won,1st,v Pakistan,Dhaka,2014-04-01,1,2014
389,Sri Lanka,won,27 runs,,won,1st,v West Indies,Dhaka,2014-04-03,1,2014
390,South Africa,lost,6 wickets,5.0,won,1st,v India,Dhaka,2014-04-04,0,2014
391,India,lost,6 wickets,13.0,lost,1st,v Sri Lanka,Dhaka,2014-04-06,0,2014
392,Sri Lanka,won,9 runs,,lost,1st,v England,The Oval,2014-05-20,1,2014
393,West Indies,lost,12 runs,,lost,1st,v New Zealand,Roseau,2014-07-05,0,2014
394,West Indies,won,39 runs,,lost,1st,v New Zealand,Roseau,2014-07-06,1,2014
395,England,won,3 runs,,won,1st,v India,Birmingham,2014-09-07,1,2014
396,Pakistan,lost,6 wickets,36.0,won,1st,v Australia,Dubai (DSC),2014-10-05,0,2014
397,Australia,lost,7 wickets,6.0,won,1st,v South Africa,Adelaide,2014-11-05,0,2014
398,South Africa,lost,7 wickets,44.0,won,1st,v Australia,Melbourne,2014-11-07,0,2014
399,South Africa,lost,2 wickets,1.0,lost,1st,v Australia,Sydney,2014-11-09,0,2014
400,Nepal,lost,2 wickets,1.0,lost,1st,v Hong Kong,Colombo (PSS),2014-11-24,0,2014
401,New Zealand,lost,7 wickets,5.0,lost,1st,v Pakistan,Dubai (DSC),2014-12-04,0,2014
402,New Zealand,won,17 runs,,lost,1st,v Pakistan,Dubai (DSC),2014-12-05,1,2014
403,South Africa,lost,4 wickets,4.0,won,1st,v West Indies,Cape Town,2015-01-09,0,2015
404,South Africa,lost,4 wickets,4.0,lost,1st,v West Indies,Johannesburg,2015-01-11,0,2015
405,South Africa,won,69 runs,,lost,1st,v West Indies,Durban,2015-01-14,1,2015
406,Pakistan,lost,7 wickets,22.0,won,1st,v Bangladesh,Dhaka,2015-04-24,0,2015
407,Zimbabwe,lost,5 wickets,3.0,won,1st,v Pakistan,Lahore,2015-05-22,0,2015
408,Zimbabwe,lost,2 wickets,2.0,won,1st,v Pakistan,Lahore,2015-05-24,0,2015
409,Ireland,lost,6 wickets,23.0,won,1st,v Scotland,Bready,2015-06-18,0,2015
410,Ireland,lost,6 wickets,11.0,lost,1st,v Scotland,Bready,2015-06-20,0,2015
411,England,won,56 runs,,won,1st,v New Zealand,Manchester,2015-06-23,1,2015
412,Netherlands,won,18 runs,,won,1st,v Nepal,Amstelveen,2015-06-30,1,2015
413,Netherlands,won,103 runs,,lost,1st,v Nepal,Amstelveen,2015-07-01,1,2015
414,Netherlands,won,18 runs,,won,1st,v Nepal,Rotterdam,2015-07-02,1,2015
415,Netherlands,lost,3 wickets,2.0,won,1st,v Nepal,Rotterdam,2015-07-03,0,2015
416,South Africa,won,52 runs,,won,1st,v Bangladesh,Dhaka,2015-07-05,1,2015
417,South Africa,won,31 runs,,won,1st,v Bangladesh,Dhaka,2015-07-07,1,2015
418,U.A.E.,lost,9 wickets,60.0,lost,1st,v Scotland,Edinburgh,2015-07-09,0,2015
419,Afghanistan,won,32 runs,,lost,1st,v Netherlands,Edinburgh,2015-07-09,1,2015
420,U.A.E.,lost,8 wickets,16.0,won,1st,v Afghanistan,Edinburgh,2015-07-10,0,2015
421,Netherlands,won,32 runs,,won,1st,v Scotland,Edinburgh,2015-07-11,1,2015
422,U.A.E.,lost,7 wickets,17.0,lost,1st,v Netherlands,Edinburgh,2015-07-12,0,2015
423,Afghanistan,won,37 runs,,won,1st,v Scotland,Edinburgh,2015-07-12,1,2015
424,Nepal,lost,8 wickets,72.0,lost,1st,v Ireland,Belfast,2015-07-13,0,2015
425,Ireland,lost,2 wickets,7.0,won,1st,v P.N.G.,Belfast,2015-07-15,0,2015
426,Nepal,lost,5 wickets,5.0,lost,1st,v Hong Kong,Belfast,2015-07-15,0,2015
427,Nepal,lost,8 wickets,35.0,lost,1st,v P.N.G.,Dublin (Malahide),2015-07-17,0,2015
428,India,won,54 runs,,won,1st,v Zimbabwe,Harare,2015-07-17,1,2015
429,Hong Kong,won,5 runs,,lost,1st,v Ireland,Dublin (Malahide),2015-07-17,1,2015
430,Zimbabwe,won,10 runs,,won,1st,v India,Harare,2015-07-19,1,2015
431,Afghanistan,lost,5 wickets,0.0,won,1st,v Hong Kong,Dublin (Malahide),2015-07-21,0,2015
432,P.N.G.,lost,6 wickets,10.0,won,1st,v Afghanistan,Dublin (Malahide),2015-07-23,0,2015
433,Hong Kong,lost,5 wickets,46.0,lost,1st,v Scotland,Dublin (Malahide),2015-07-25,0,2015
434,Oman,lost,5 wickets,7.0,lost,1st,v Afghanistan,Dublin,2015-07-25,0,2015
435,Ireland,lost,5 wickets,11.0,lost,1st,v Netherlands,Dublin (Malahide),2015-07-25,0,2015
436,Pakistan,won,29 runs,,won,1st,v Sri Lanka,Colombo (RPS),2015-07-30,1,2015
437,Sri Lanka,lost,1 wickets,4.0,won,1st,v Pakistan,Colombo (RPS),2015-08-01,0,2015
438,New Zealand,won,80 runs,,lost,1st,v Zimbabwe,Harare,2015-08-09,1,2015
439,New Zealand,lost,6 wickets,13.0,lost,1st,v South Africa,Durban,2015-08-14,0,2015
440,New Zealand,won,32 runs,,won,1st,v South Africa,Centurion,2015-08-16,1,2015
441,England,won,5 runs,,lost,1st,v Australia,Cardiff,2015-08-31,1,2015
442,Pakistan,won,13 runs,,won,1st,v Zimbabwe,Harare,2015-09-27,1,2015
443,Pakistan,won,15 runs,,won,1st,v Zimbabwe,Harare,2015-09-29,1,2015
444,India,lost,7 wickets,2.0,lost,1st,v South Africa,Dharamsala,2015-10-02,0,2015
445,India,lost,6 wickets,17.0,lost,1st,v South Africa,Cuttack,2015-10-05,0,2015
446,Zimbabwe,lost,6 wickets,5.0,won,1st,v Afghanistan,Bulawayo,2015-10-26,0,2015
447,Zimbabwe,lost,5 wickets,1.0,won,1st,v Afghanistan,Bulawayo,2015-10-28,0,2015
448,Sri Lanka,won,30 runs,,lost,1st,v West Indies,Pallekele,2015-11-09,1,2015
449,West Indies,won,23 runs,,won,1st,v Sri Lanka,Colombo (RPS),2015-11-11,1,2015
450,Zimbabwe,lost,4 wickets,14.0,lost,1st,v Bangladesh,Dhaka,2015-11-13,0,2015
451,Bangladesh,lost,3 wickets,1.0,won,1st,v Zimbabwe,Dhaka,2015-11-15,0,2015
452,Hong Kong,lost,6 wickets,9.0,lost,1st,v Oman,Abu Dhabi,2015-11-21,0,2015
453,Oman,lost,7 wickets,10.0,lost,1st,v U.A.E.,Abu Dhabi,2015-11-22,0,2015
454,Oman,won,4 runs,,lost,1st,v Hong Kong,Abu Dhabi,2015-11-25,1,2015
455,Oman,lost,8 wickets,9.0,lost,1st,v Hong Kong,Abu Dhabi,2015-11-26,0,2015
456,England,won,14 runs,,won,1st,v Pakistan,Dubai (DSC),2015-11-26,1,2015
457,England,won,3 runs,,won,1st,v Pakistan,Dubai (DSC),2015-11-27,1,2015
458,Afghanistan,lost,4 wickets,2.0,won,1st,v Hong Kong,Abu Dhabi,2015-11-28,0,2015
459,Afghanistan,won,27 runs,,lost,1st,v Oman,Abu Dhabi,2015-11-29,1,2015
460,Afghanistan,won,12 runs,,lost,1st,v Oman,Abu Dhabi,2015-11-30,1,2015
461,England,tied,-,,won,1st,v Pakistan,Sharjah,2015-11-30,0,2015
462,New Zealand,won,3 runs,,lost,1st,v Sri Lanka,Mount Maunganui,2016-01-07,1,2016
463,Afghanistan,won,5 runs,,won,1st,v Zimbabwe,Sharjah,2016-01-08,1,2016
464,Sri Lanka,lost,9 wickets,60.0,lost,1st,v New Zealand,Auckland,2016-01-10,0,2016
465,Afghanistan,won,81 runs,,lost,1st,v Zimbabwe,Sharjah,2016-01-10,1,2016
466,Pakistan,won,16 runs,,lost,1st,v New Zealand,Auckland,2016-01-15,1,2016
467,Zimbabwe,lost,4 wickets,8.0,won,1st,v Bangladesh,Khulna,2016-01-15,0,2016
468,Pakistan,lost,10 wickets,14.0,won,1st,v New Zealand,Hamilton,2016-01-17,0,2016
469,Bangladesh,won,42 runs,,won,1st,v Zimbabwe,Khulna,2016-01-17,1,2016
470,Zimbabwe,won,31 runs,,won,1st,v Bangladesh,Khulna,2016-01-20,1,2016
471,New Zealand,won,95 runs,,lost,1st,v Pakistan,Wellington,2016-01-22,1,2016
472,Zimbabwe,won,18 runs,,won,1st,v Bangladesh,Khulna,2016-01-22,1,2016
473,India,won,37 runs,,lost,1st,v Australia,Adelaide,2016-01-26,1,2016
474,India,won,27 runs,,lost,1st,v Australia,Melbourne,2016-01-29,1,2016
475,Scotland,lost,9 wickets,22.0,lost,1st,v Hong Kong,Mong Kok,2016-01-30,0,2016
476,Scotland,won,37 runs,,lost,1st,v Hong Kong,Mong Kok,2016-01-31,1,2016
477,Australia,lost,7 wickets,0.0,won,1st,v India,Sydney,2016-01-31,0,2016
478,Netherlands,won,84 runs,,lost,1st,v U.A.E.,ICCA Dubai,2016-02-03,1,2016
479,U.A.E.,won,9 runs,,won,1st,v Scotland,ICCA Dubai,2016-02-04,1,2016
480,Scotland,won,37 runs,,won,1st,v Netherlands,ICCA Dubai,2016-02-05,1,2016
481,P.N.G.,lost,5 wickets,47.0,lost,1st,v Ireland,Townsville,2016-02-06,0,2016
482,Ireland,won,7 runs,,lost,1st,v P.N.G.,Townsville,2016-02-07,1,2016
483,P.N.G.,won,11 runs,,won,1st,v Ireland,Townsville,2016-02-09,1,2016
484,India,lost,5 wickets,12.0,lost,1st,v Sri Lanka,Pune,2016-02-09,0,2016
485,India,won,69 runs,,lost,1st,v Sri Lanka,Ranchi,2016-02-12,1,2016
486,Ireland,won,34 runs,,lost,1st,v U.A.E.,Abu Dhabi,2016-02-14,1,2016
487,Sri Lanka,lost,9 wickets,37.0,lost,1st,v India,Visakhapatnam,2016-02-14,0,2016
488,U.A.E.,won,5 runs,,won,1st,v Ireland,Abu Dhabi,2016-02-16,1,2016
489,U.A.E.,won,16 runs,,won,1st,v Afghanistan,Fatullah,2016-02-19,1,2016
490,Oman,won,5 runs,,won,1st,v Hong Kong,Fatullah,2016-02-19,1,2016
491,England,lost,3 wickets,0.0,lost,1st,v South Africa,Cape Town,2016-02-19,0,2016
492,Oman,lost,3 wickets,3.0,won,1st,v Afghanistan,Fatullah,2016-02-20,0,2016
493,Hong Kong,lost,6 wickets,9.0,won,1st,v U.A.E.,Fatullah,2016-02-21,0,2016
494,England,lost,9 wickets,32.0,lost,1st,v South Africa,Johannesburg,2016-02-21,0,2016
495,Afghanistan,won,66 runs,,lost,1st,v Hong Kong,Dhaka,2016-02-22,1,2016
496,U.A.E.,won,71 runs,,lost,1st,v Oman,Dhaka,2016-02-22,1,2016
497,India,won,45 runs,,lost,1st,v Bangladesh,Dhaka,2016-02-24,1,2016
498,Sri Lanka,won,14 runs,,lost,1st,v U.A.E.,Dhaka,2016-02-25,1,2016
499,Bangladesh,won,51 runs,,lost,1st,v U.A.E.,Dhaka,2016-02-26,1,2016
500,Pakistan,lost,5 wickets,27.0,lost,1st,v India,Dhaka,2016-02-27,0,2016
501,Bangladesh,won,23 runs,,won,1st,v Sri Lanka,Dhaka,2016-02-28,1,2016
502,U.A.E.,lost,7 wickets,8.0,won,1st,v Pakistan,Dhaka,2016-02-29,0,2016
503,Sri Lanka,lost,5 wickets,4.0,lost,1st,v India,Dhaka,2016-03-01,0,2016
504,Pakistan,lost,5 wickets,5.0,won,1st,v Bangladesh,Dhaka,2016-03-02,0,2016
505,U.A.E.,lost,9 wickets,59.0,won,1st,v India,Dhaka,2016-03-03,0,2016
506,Sri Lanka,lost,6 wickets,4.0,lost,1st,v Pakistan,Dhaka,2016-03-04,0,2016
507,Australia,lost,3 wickets,4.0,won,1st,v South Africa,Durban,2016-03-04,0,2016
508,South Africa,lost,5 wickets,0.0,lost,1st,v Australia,Johannesburg,2016-03-06,0,2016
509,Bangladesh,lost,8 wickets,7.0,lost,1st,v India,Dhaka,2016-03-06,0,2016
510,Zimbabwe,won,14 runs,,lost,1st,v Hong Kong,Nagpur,2016-03-08,1,2016
511,Afghanistan,won,14 runs,,won,1st,v Scotland,Nagpur,2016-03-08,1,2016
512,Bangladesh,won,8 runs,,lost,1st,v Netherlands,Dharamsala,2016-03-09,1,2016
513,Ireland,lost,2 wickets,2.0,won,1st,v Oman,Dharamsala,2016-03-09,0,2016
514,South Africa,lost,6 wickets,4.0,won,1st,v Australia,Cape Town,2016-03-09,0,2016
515,Zimbabwe,won,11 runs,,won,1st,v Scotland,Nagpur,2016-03-10,1,2016
516,Hong Kong,lost,6 wickets,12.0,won,1st,v Afghanistan,Nagpur,2016-03-10,0,2016
517,Afghanistan,won,59 runs,,won,1st,v Zimbabwe,Nagpur,2016-03-12,1,2016
518,Hong Kong,lost,8 wickets,12.0,won,1st,v Scotland,Nagpur,2016-03-12,0,2016
519,Netherlands,won,12 runs,,lost,1st,v Ireland,Dharamsala,2016-03-13,1,2016
520,Bangladesh,won,54 runs,,lost,1st,v Oman,Dharamsala,2016-03-13,1,2016
521,New Zealand,won,47 runs,,won,1st,v India,Nagpur,2016-03-15,1,2016
522,Pakistan,won,55 runs,,won,1st,v Bangladesh,Kolkata,2016-03-16,1,2016
523,England,lost,6 wickets,11.0,lost,1st,v West Indies,Mumbai,2016-03-16,0,2016
524,Afghanistan,lost,6 wickets,7.0,won,1st,v Sri Lanka,Kolkata,2016-03-17,0,2016
525,New Zealand,won,8 runs,,won,1st,v Australia,Dharamsala,2016-03-18,1,2016
526,South Africa,lost,2 wickets,2.0,lost,1st,v England,Mumbai,2016-03-18,0,2016
527,Pakistan,lost,6 wickets,13.0,lost,1st,v India,Kolkata,2016-03-19,0,2016
528,South Africa,won,37 runs,,won,1st,v Afghanistan,Mumbai,2016-03-20,1,2016
529,Sri Lanka,lost,7 wickets,10.0,lost,1st,v West Indies,Bengaluru,2016-03-20,0,2016
530,Bangladesh,lost,3 wickets,9.0,lost,1st,v Australia,Bengaluru,2016-03-21,0,2016
531,New Zealand,won,22 runs,,won,1st,v Pakistan,Mohali,2016-03-22,1,2016
532,England,won,15 runs,,won,1st,v Afghanistan,Delhi,2016-03-23,1,2016
533,India,won,1 runs,,lost,1st,v Bangladesh,Bengaluru,2016-03-23,1,2016
534,Australia,won,21 runs,,won,1st,v Pakistan,Mohali,2016-03-25,1,2016
535,South Africa,lost,3 wickets,2.0,lost,1st,v West Indies,Nagpur,2016-03-25,0,2016
536,New Zealand,won,75 runs,,won,1st,v Bangladesh,Kolkata,2016-03-26,1,2016
537,England,won,10 runs,,lost,1st,v Sri Lanka,Delhi,2016-03-26,1,2016
538,Afghanistan,won,6 runs,,lost,1st,v West Indies,Nagpur,2016-03-27,1,2016
539,Australia,lost,6 wickets,5.0,won,1st,v India,Mohali,2016-03-27,0,2016
540,Sri Lanka,lost,8 wickets,14.0,lost,1st,v South Africa,Delhi,2016-03-28,0,2016
541,New Zealand,lost,7 wickets,17.0,lost,1st,v England,Delhi,2016-03-30,0,2016
542,India,lost,7 wickets,2.0,lost,1st,v West Indies,Mumbai,2016-03-31,0,2016
543,England,lost,4 wickets,2.0,lost,1st,v West Indies,Kolkata,2016-04-03,0,2016
544,Zimbabwe,won,2 runs,,lost,1st,v India,Harare,2016-06-18,1,2016
545,Zimbabwe,lost,10 wickets,41.0,won,1st,v India,Harare,2016-06-20,0,2016
546,India,won,3 runs,,lost,1st,v Zimbabwe,Harare,2016-06-22,1,2016
547,Sri Lanka,lost,8 wickets,15.0,won,1st,v England,Southampton,2016-07-05,0,2016
548,West Indies,won,1 runs,,lost,1st,v India,Lauderhill,2016-08-27,1,2016
549,Hong Kong,won,40 runs,,won,1st,v Ireland,Bready,2016-09-05,1,2016
550,Australia,won,85 runs,,lost,1st,v Sri Lanka,Pallekele,2016-09-06,1,2016
551,England,lost,9 wickets,31.0,won,1st,v Pakistan,Manchester,2016-09-07,0,2016
552,Sri Lanka,lost,4 wickets,13.0,won,1st,v Australia,Colombo (RPS),2016-09-09,0,2016
553,West Indies,lost,9 wickets,34.0,lost,1st,v Pakistan,Dubai (DSC),2016-09-23,0,2016
554,Pakistan,won,16 runs,,lost,1st,v West Indies,Dubai (DSC),2016-09-24,1,2016
555,West Indies,lost,8 wickets,29.0,lost,1st,v Pakistan,Abu Dhabi,2016-09-27,0,2016
556,Afghanistan,won,11 runs,,won,1st,v U.A.E.,ICCA Dubai,2016-12-14,1,2016
557,U.A.E.,lost,5 wickets,2.0,won,1st,v Afghanistan,Dubai (DSC),2016-12-16,0,2016
558,Afghanistan,won,44 runs,,won,1st,v U.A.E.,ICCA Dubai,2016-12-18,1,2016
559,Bangladesh,lost,6 wickets,12.0,won,1st,v New Zealand,Napier,2017-01-03,0,2017
560,New Zealand,won,47 runs,,lost,1st,v Bangladesh,Mount Maunganui,2017-01-06,1,2017
561,New Zealand,won,27 runs,,lost,1st,v Bangladesh,Mount Maunganui,2017-01-08,1,2017
562,Scotland,won,24 runs,,won,1st,v Hong Kong,Abu Dhabi,2017-01-14,1,2017
563,Ireland,lost,5 wickets,8.0,won,1st,v Afghanistan,Abu Dhabi,2017-01-14,0,2017
564,Oman,lost,5 wickets,4.0,won,1st,v Netherlands,Abu Dhabi,2017-01-15,0,2017
565,Hong Kong,lost,7 wickets,54.0,lost,1st,v Oman,Abu Dhabi,2017-01-16,0,2017
566,U.A.E.,lost,5 wickets,7.0,lost,1st,v Afghanistan,Abu Dhabi,2017-01-16,0,2017
567,Scotland,won,7 runs,,lost,1st,v Netherlands,Abu Dhabi,2017-01-17,1,2017
568,Ireland,won,24 runs,,won,1st,v U.A.E.,Dubai (DSC),2017-01-18,1,2017
569,Hong Kong,won,91 runs,,won,1st,v Netherlands,Dubai (DSC),2017-01-18,1,2017
570,Oman,lost,7 wickets,6.0,won,1st,v Scotland,Dubai (DSC),2017-01-19,0,2017
571,Oman,lost,8 wickets,9.0,lost,1st,v Afghanistan,Dubai (DSC),2017-01-20,0,2017
572,Ireland,won,98 runs,,lost,1st,v Scotland,Dubai (DSC),2017-01-20,1,2017
573,Ireland,lost,10 wickets,73.0,won,1st,v Afghanistan,Dubai (DSC),2017-01-20,0,2017
574,South Africa,won,19 runs,,lost,1st,v Sri Lanka,Centurion,2017-01-20,1,2017
575,South Africa,lost,3 wickets,2.0,won,1st,v Sri Lanka,Johannesburg,2017-01-22,0,2017
576,South Africa,lost,5 wickets,1.0,won,1st,v Sri Lanka,Cape Town,2017-01-25,0,2017
577,India,lost,7 wickets,11.0,lost,1st,v England,Kanpur,2017-01-26,0,2017
578,India,won,5 runs,,lost,1st,v England,Nagpur,2017-01-29,1,2017
579,India,won,75 runs,,lost,1st,v England,Bengaluru,2017-02-01,1,2017
580,South Africa,won,78 runs,,lost,1st,v New Zealand,Auckland,2017-02-17,1,2017
581,Australia,lost,5 wickets,0.0,lost,1st,v Sri Lanka,Melbourne,2017-02-17,0,2017
582,Australia,lost,2 wickets,0.0,lost,1st,v Sri Lanka,Geelong,2017-02-19,0,2017
583,Australia,won,41 runs,,lost,1st,v Sri Lanka,Adelaide,2017-02-22,1,2017
584,Ireland,lost,6 wickets,12.0,won,1st,v Afghanistan,Greater Noida,2017-03-08,0,2017
585,Afghanistan,won,17 runs,,won,1st,v Ireland,Greater Noida,2017-03-10,1,2017
586,Afghanistan,won,28 runs,,lost,1st,v Ireland,Greater Noida,2017-03-12,1,2017
587,West Indies,lost,6 wickets,17.0,lost,1st,v Pakistan,Bridgetown,2017-03-26,0,2017
588,Pakistan,won,3 runs,,lost,1st,v West Indies,Port of Spain,2017-03-30,1,2017
589,Pakistan,lost,7 wickets,31.0,won,1st,v West Indies,Port of Spain,2017-04-01,0,2017
590,West Indies,lost,7 wickets,6.0,lost,1st,v Pakistan,Port of Spain,2017-04-02,0,2017
591,Bangladesh,lost,6 wickets,7.0,won,1st,v Sri Lanka,Colombo (RPS),2017-04-04,0,2017
592,Bangladesh,won,45 runs,,won,1st,v Sri Lanka,Colombo (RPS),2017-04-06,1,2017
593,P.N.G.,lost,5 wickets,29.0,lost,1st,v U.A.E.,Abu Dhabi,2017-04-12,0,2017
594,U.A.E.,won,30 runs,,lost,1st,v P.N.G.,Abu Dhabi,2017-04-14,1,2017
595,P.N.G.,lost,5 wickets,5.0,won,1st,v U.A.E.,Abu Dhabi,2017-04-14,0,2017
596,Afghanistan,lost,6 wickets,21.0,won,1st,v West Indies,Basseterre,2017-06-02,0,2017
597,West Indies,won,29 runs,,won,1st,v Afghanistan,Basseterre,2017-06-03,1,2017
598,Afghanistan,lost,7 wickets,4.0,won,1st,v West Indies,Basseterre,2017-06-05,0,2017
599,South Africa,lost,9 wickets,33.0,won,1st,v England,Southampton,2017-06-21,0,2017
600,South Africa,won,3 runs,,lost,1st,v England,Taunton,2017-06-23,1,2017
601,England,won,19 runs,,lost,1st,v South Africa,Cardiff,2017-06-25,1,2017
602,India,lost,9 wickets,9.0,lost,1st,v West Indies,Kingston,2017-07-09,0,2017
603,Sri Lanka,lost,7 wickets,4.0,lost,1st,v India,Colombo (RPS),2017-09-06,0,2017
604,Pakistan,won,20 runs,,lost,1st,v World-XI,Lahore,2017-09-12,1,2017
605,Pakistan,lost,7 wickets,1.0,won,1st,v World-XI,Lahore,2017-09-13,0,2017
606,Pakistan,won,33 runs,,lost,1st,v World-XI,Lahore,2017-09-15,1,2017
607,West Indies,won,21 runs,,lost,1st,v England,Chester-le-Street,2017-09-16,1,2017
608,Australia,lost,9 wickets,3.0,lost,1st,v India,Ranchi,2017-10-07,0,2017
609,India,lost,8 wickets,27.0,lost,1st,v Australia,Guwahati,2017-10-10,0,2017
610,Sri Lanka,lost,7 wickets,16.0,lost,1st,v Pakistan,Abu Dhabi,2017-10-26,0,2017
611,South Africa,won,20 runs,,won,1st,v Bangladesh,Bloemfontein,2017-10-26,1,2017
612,Sri Lanka,lost,2 wickets,1.0,lost,1st,v Pakistan,Abu Dhabi,2017-10-27,0,2017
613,South Africa,won,83 runs,,lost,1st,v Bangladesh,Potchefstroom,2017-10-29,1,2017
614,Pakistan,won,36 runs,,lost,1st,v Sri Lanka,Lahore,2017-10-29,1,2017
615,India,won,53 runs,,lost,1st,v New Zealand,Delhi,2017-11-01,1,2017
616,New Zealand,won,40 runs,,won,1st,v India,Rajkot,2017-11-04,1,2017
617,India,won,6 runs,,lost,1st,v New Zealand,Thiruvananthapuram,2017-11-07,1,2017
618,India,won,93 runs,,lost,1st,v Sri Lanka,Cuttack,2017-12-20,1,2017
619,India,won,88 runs,,lost,1st,v Sri Lanka,Indore,2017-12-22,1,2017
620,Sri Lanka,lost,5 wickets,4.0,lost,1st,v India,Mumbai,2017-12-24,0,2017
621,New Zealand,won,47 runs,,lost,1st,v West Indies,Nelson,2017-12-29,1,2017
622,New Zealand,won,119 runs,,won,1st,v West Indies,Mount Maunganui,2018-01-03,1,2018
623,Pakistan,lost,7 wickets,25.0,lost,1st,v New Zealand,Wellington,2018-01-22,0,2018
624,Pakistan,won,48 runs,,won,1st,v New Zealand,Auckland,2018-01-25,1,2018
625,Pakistan,won,18 runs,,won,1st,v New Zealand,Mount Maunganui,2018-01-28,1,2018
626,New Zealand,lost,7 wickets,21.0,lost,1st,v Australia,Sydney,2018-02-03,0,2018
627,Zimbabwe,lost,5 wickets,32.0,lost,1st,v Afghanistan,Sharjah,2018-02-05,0,2018
628,Afghanistan,won,17 runs,,lost,1st,v Zimbabwe,Sharjah,2018-02-06,1,2018
629,England,lost,5 wickets,9.0,lost,1st,v Australia,Hobart,2018-02-07,0,2018
630,England,lost,7 wickets,33.0,lost,1st,v Australia,Melbourne,2018-02-10,0,2018
631,New Zealand,won,12 runs,,lost,1st,v England,Wellington,2018-02-13,1,2018
632,Bangladesh,lost,6 wickets,20.0,won,1st,v Sri Lanka,Dhaka,2018-02-15,0,2018
633,New Zealand,lost,5 wickets,7.0,won,1st,v Australia,Auckland,2018-02-16,0,2018
634,England,won,2 runs,,lost,1st,v New Zealand,Hamilton,2018-02-18,1,2018
635,Sri Lanka,won,75 runs,,lost,1st,v Bangladesh,Sylhet,2018-02-18,1,2018
636,India,won,28 runs,,lost,1st,v South Africa,Johannesburg,2018-02-18,1,2018
637,New Zealand,lost,19 runs,,won,1st,v Australia,Auckland,2018-02-21,0,2018
638,India,lost,6 wickets,8.0,lost,1st,v South Africa,Centurion,2018-02-21,0,2018
639,India,won,7 runs,,lost,1st,v South Africa,Cape Town,2018-02-24,1,2018
640,India,lost,5 wickets,9.0,lost,1st,v Sri Lanka,Colombo (RPS),2018-03-06,0,2018
641,Bangladesh,lost,6 wickets,8.0,lost,1st,v India,Colombo (RPS),2018-03-08,0,2018
642,Sri Lanka,lost,5 wickets,2.0,lost,1st,v Bangladesh,Colombo (RPS),2018-03-10,0,2018
643,Sri Lanka,lost,6 wickets,9.0,lost,1st,v India,Colombo (RPS),2018-03-12,0,2018
644,India,won,17 runs,,lost,1st,v Bangladesh,Colombo (RPS),2018-03-14,1,2018
645,Sri Lanka,lost,2 wickets,1.0,lost,1st,v Bangladesh,Colombo (RPS),2018-03-16,0,2018
646,Bangladesh,lost,4 wickets,0.0,lost,1st,v India,Colombo (RPS),2018-03-18,0,2018
647,Pakistan,won,143 runs,,lost,1st,v West Indies,Karachi,2018-04-01,1,2018
648,Pakistan,won,82 runs,,won,1st,v West Indies,Karachi,2018-04-02,1,2018
649,West Indies,lost,8 wickets,19.0,won,1st,v Pakistan,Karachi,2018-04-03,0,2018
650,West Indies,won,72 runs,,lost,1st,v ICC World XI,Lord's,2018-05-31,1,2018
651,Afghanistan,won,45 runs,,lost,1st,v Bangladesh,Dehradun,2018-06-03,1,2018
652,Bangladesh,lost,6 wickets,7.0,won,1st,v Afghanistan,Dehradun,2018-06-05,0,2018
653,Afghanistan,won,1 runs,,won,1st,v Bangladesh,Dehradun,2018-06-07,1,2018
654,Netherlands,won,4 runs,,lost,1st,v Ireland,Rotterdam,2018-06-12,1,2018
655,Pakistan,won,48 runs,,won,1st,v Scotland,Edinburgh,2018-06-12,1,2018
656,Ireland,lost,4 wickets,6.0,won,1st,v Netherlands,Rotterdam,2018-06-13,0,2018
657,Pakistan,won,84 runs,,won,1st,v Scotland,Edinburgh,2018-06-13,1,2018
658,Ireland,won,46 runs,,won,1st,v Scotland,Deventer,2018-06-16,1,2018
659,Scotland,tied,-,,won,1st,v Ireland,Deventer,2018-06-17,0,2018
660,Netherlands,lost,7 wickets,14.0,won,1st,v Scotland,Amstelveen,2018-06-19,0,2018
661,Scotland,won,115 runs,,won,1st,v Netherlands,Amstelveen,2018-06-20,1,2018
662,India,won,76 runs,,lost,1st,v Ireland,Dublin (Malahide),2018-06-27,1,2018
663,England,won,28 runs,,lost,1st,v Australia,Birmingham,2018-06-27,1,2018
664,India,won,143 runs,,lost,1st,v Ireland,Dublin (Malahide),2018-06-29,1,2018
665,Pakistan,won,74 runs,,lost,1st,v Zimbabwe,Harare,2018-07-01,1,2018
666,Pakistan,lost,9 wickets,55.0,lost,1st,v Australia,Harare,2018-07-02,0,2018
667,Australia,won,100 runs,,lost,1st,v Zimbabwe,Harare,2018-07-03,1,2018
668,England,lost,8 wickets,10.0,lost,1st,v India,Manchester,2018-07-03,0,2018
669,Zimbabwe,lost,7 wickets,5.0,lost,1st,v Pakistan,Harare,2018-07-04,0,2018
670,Pakistan,won,45 runs,,lost,1st,v Australia,Harare,2018-07-05,1,2018
671,Zimbabwe,lost,5 wickets,1.0,won,1st,v Australia,Harare,2018-07-06,0,2018
672,India,lost,5 wickets,2.0,lost,1st,v England,Cardiff,2018-07-06,0,2018
673,Australia,lost,6 wickets,4.0,won,1st,v Pakistan,Harare,2018-07-08,0,2018
674,England,lost,7 wickets,8.0,lost,1st,v India,Bristol,2018-07-08,0,2018
675,Bangladesh,lost,7 wickets,11.0,lost,1st,v West Indies,Basseterre,2018-07-31,0,2018
676,Bangladesh,won,12 runs,,lost,1st,v West Indies,Lauderhill,2018-08-04,1,2018
677,Bangladesh,won,19 runs,,won,1st,v West Indies,Lauderhill,2018-08-05,1,2018
678,South Africa,lost,3 wickets,24.0,won,1st,v Sri Lanka,Colombo (RPS),2018-08-14,0,2018
679,Afghanistan,won,16 runs,,lost,1st,v Ireland,Bready,2018-08-20,1,2018
680,Afghanistan,won,81 runs,,won,1st,v Ireland,Bready,2018-08-22,1,2018
681,South Africa,won,34 runs,,won,1st,v Zimbabwe,East London,2018-10-09,1,2018
682,Zimbabwe,lost,6 wickets,26.0,won,1st,v South Africa,Potchefstroom,2018-10-12,0,2018
683,U.A.E.,lost,7 wickets,23.0,won,1st,v Australia,Tolerance Oval,2018-10-22,0,2018
684,Pakistan,won,66 runs,,lost,1st,v Australia,Abu Dhabi,2018-10-24,1,2018
685,Pakistan,won,11 runs,,won,1st,v Australia,Dubai (DSC),2018-10-26,1,2018
686,England,won,30 runs,,lost,1st,v Sri Lanka,Colombo (RPS),2018-10-27,1,2018
687,Pakistan,won,33 runs,,won,1st,v Australia,Dubai (DSC),2018-10-28,1,2018
688,Pakistan,won,2 runs,,won,1st,v New Zealand,Abu Dhabi,2018-10-31,1,2018
689,New Zealand,lost,6 wickets,2.0,won,1st,v Pakistan,Dubai (DSC),2018-11-02,0,2018
690,West Indies,lost,5 wickets,13.0,lost,1st,v India,Kolkata,2018-11-04,0,2018
691,Pakistan,won,47 runs,,won,1st,v New Zealand,Dubai (DSC),2018-11-04,1,2018
692,India,won,71 runs,,lost,1st,v West Indies,Lucknow,2018-11-06,1,2018
693,West Indies,lost,6 wickets,0.0,won,1st,v India,Chennai,2018-11-11,0,2018
694,South Africa,won,21 runs,,lost,1st,v Australia,Carrara,2018-11-17,1,2018
695,Australia,won,4 runs,,lost,1st,v India,Brisbane,2018-11-21,1,2018
696,Australia,lost,6 wickets,2.0,won,1st,v India,Sydney,2018-11-25,0,2018
697,Bangladesh,lost,8 wickets,55.0,won,1st,v West Indies,Sylhet,2018-12-17,0,2018
698,Bangladesh,won,36 runs,,lost,1st,v West Indies,Dhaka,2018-12-20,1,2018
699,West Indies,won,50 runs,,lost,1st,v Bangladesh,Dhaka,2018-12-22,1,2018
700,New Zealand,won,35 runs,,lost,1st,v Sri Lanka,Auckland,2019-01-11,1,2019
701,Bahrain,won,41 runs,,lost,1st,v Saudi Arabia,Al Amerat,2019-01-20,1,2019
702,Maldives,lost,8 wickets,57.0,lost,1st,v Kuwait,Al Amerat,2019-01-20,0,2019
703,Maldives,lost,2 wickets,8.0,won,1st,v Bahrain,Al Amerat,2019-01-21,0,2019
704,Saudi Arabia,lost,4 wickets,27.0,lost,1st,v Qatar,Al Amerat,2019-01-21,0,2019
705,Qatar,tied,-,,lost,1st,v Kuwait,Al Amerat,2019-01-22,0,2019
706,Maldives,lost,6 wickets,18.0,won,1st,v Saudi Arabia,Al Amerat,2019-01-22,0,2019
707,Maldives,lost,8 wickets,31.0,won,1st,v Qatar,Al Amerat,2019-01-23,0,2019
708,Bahrain,lost,7 wickets,5.0,lost,1st,v Kuwait,Al Amerat,2019-01-23,0,2019
709,Kuwait,lost,7 wickets,65.0,lost,1st,v Saudi Arabia,Al Amerat,2019-01-24,0,2019
710,Qatar,won,48 runs,,lost,1st,v Bahrain,Al Amerat,2019-01-24,1,2019
711,Qatar,lost,8 wickets,27.0,lost,1st,v Saudi Arabia,Al Amerat,2019-01-24,0,2019
712,U.A.E.,won,21 runs,,lost,1st,v Nepal,ICCA Dubai,2019-01-31,1,2019
713,U.A.E.,lost,4 wickets,3.0,won,1st,v Nepal,ICCA Dubai,2019-02-01,0,2019
714,South Africa,won,6 runs,,lost,1st,v Pakistan,Cape Town,2019-02-01,1,2019
715,Nepal,won,14 runs,,lost,1st,v U.A.E.,ICCA Dubai,2019-02-03,1,2019
716,South Africa,won,7 runs,,lost,1st,v Pakistan,Johannesburg,2019-02-03,1,2019
717,New Zealand,won,80 runs,,lost,1st,v India,Wellington,2019-02-06,1,2019
718,Pakistan,won,27 runs,,lost,1st,v South Africa,Centurion,2019-02-06,1,2019
719,New Zealand,lost,7 wickets,7.0,won,1st,v India,Auckland,2019-02-08,0,2019
720,New Zealand,won,4 runs,,lost,1st,v India,Hamilton,2019-02-10,1,2019
721,Scotland,lost,7 wickets,1.0,lost,1st,v Netherlands,Al Amerat,2019-02-13,0,2019
722,Ireland,won,15 runs,,lost,1st,v Oman,Al Amerat,2019-02-13,1,2019
723,Oman,lost,8 wickets,7.0,lost,1st,v Netherlands,Al Amerat,2019-02-15,0,2019
724,Ireland,lost,6 wickets,9.0,lost,1st,v Scotland,Al Amerat,2019-02-15,0,2019
725,Netherlands,lost,1 wickets,0.0,lost,1st,v Ireland,Al Amerat,2019-02-17,0,2019
726,Oman,lost,7 wickets,27.0,lost,1st,v Scotland,Al Amerat,2019-02-17,0,2019
727,Ireland,lost,5 wickets,4.0,won,1st,v Afghanistan,Dehradun,2019-02-21,0,2019
728,Afghanistan,won,84 runs,,won,1st,v Ireland,Dehradun,2019-02-23,1,2019
729,Afghanistan,won,32 runs,,lost,1st,v Ireland,Dehradun,2019-02-24,1,2019
730,India,lost,3 wickets,0.0,lost,1st,v Australia,Visakhapatnam,2019-02-24,0,2019
731,India,lost,7 wickets,2.0,lost,1st,v Australia,Bengaluru,2019-02-27,0,2019
732,West Indies,lost,4 wickets,7.0,lost,1st,v England,Gros Islet,2019-03-05,0,2019
733,England,won,137 runs,,lost,1st,v West Indies,Basseterre,2019-03-08,1,2019
734,West Indies,lost,8 wickets,57.0,won,1st,v England,Basseterre,2019-03-10,0,2019
735,U.A.E.,won,24 runs,,won,1st,v U.S.A.,ICCA Dubai,2019-03-16,1,2019
736,Sri Lanka,tied,-,,lost,1st,v South Africa,Cape Town,2019-03-19,0,2019
737,P.N.G.,won,133 runs,,lost,1st,v Philippines,Port Moresby,2019-03-22,1,2019
738,Vanuatu,lost,8 wickets,28.0,won,1st,v P.N.G.,Port Moresby,2019-03-22,0,2019
739,South Africa,won,16 runs,,lost,1st,v Sri Lanka,Centurion,2019-03-22,1,2019
740,Vanuatu,won,63 runs,,won,1st,v Philippines,Port Moresby,2019-03-23,1,2019
741,Philippines,won,10 runs,,lost,1st,v Vanuatu,Port Moresby,2019-03-24,1,2019
742,Vanuatu,lost,10 wickets,60.0,won,1st,v P.N.G.,Port Moresby,2019-03-24,0,2019
743,South Africa,won,45 runs,,lost,1st,v Sri Lanka,Johannesburg,2019-03-24,1,2019
744,Malta,lost,7 wickets,47.0,won,1st,v Spain,Cartagena,2019-03-29,0,2019
745,Spain,won,109 runs,,won,1st,v Malta,Cartagena,2019-03-30,1,2019
746,Mexico,lost,4 wickets,45.0,lost,1st,v Belize,Naucalpan,2019-04-25,0,2019
747,Costa Rica,lost,7 wickets,26.0,won,1st,v Panama,Naucalpan,2019-04-25,0,2019
748,Costa Rica,lost,3 wickets,4.0,won,1st,v Mexico,Naucalpan,2019-04-26,0,2019
749,Belize,won,9 runs,,lost,1st,v Panama,Naucalpan,2019-04-26,1,2019
750,Panama,won,33 runs,,lost,1st,v Mexico,Naucalpan,2019-04-27,1,2019
751,Costa Rica,lost,5 wickets,31.0,won,1st,v Belize,Naucalpan,2019-04-27,0,2019
752,Pakistan,lost,7 wickets,4.0,won,1st,v England,Cardiff,2019-05-05,0,2019
753,Germany,won,9 runs,,lost,1st,v Belgium,Waterloo,2019-05-11,1,2019
754,Germany,won,62 runs,,won,1st,v Belgium,Waterloo,2019-05-11,1,2019
755,Belgium,lost,6 wickets,12.0,lost,1st,v Germany,Waterloo,2019-05-12,0,2019
756,Nigeria,lost,8 wickets,16.0,lost,1st,v Kenya,Kampala,2019-05-20,0,2019
757,Ghana,lost,9 wickets,55.0,lost,1st,v Namibia,Kampala,2019-05-20,0,2019
758,Uganda,won,52 runs,,lost,1st,v Botswana,Kampala,2019-05-20,1,2019
759,Namibia,won,42 runs,,won,1st,v Uganda,Kampala,2019-05-21,1,2019
760,Nigeria,won,11 runs,,won,1st,v Botswana,Kampala,2019-05-21,1,2019
761,Kenya,won,53 runs,,lost,1st,v Ghana,Kampala,2019-05-21,1,2019
762,Nigeria,won,28 runs,,lost,1st,v Ghana,Kampala,2019-05-22,1,2019
763,Botswana,lost,10 wickets,97.0,won,1st,v Namibia,Kampala,2019-05-22,0,2019
764,Kenya,won,1 runs,,won,1st,v Uganda,Kampala,2019-05-22,1,2019
765,Ghana,lost,7 wickets,29.0,won,1st,v Uganda,Kampala,2019-05-23,0,2019
766,Germany,lost,7 wickets,68.0,won,1st,v Italy,Utrecht,2019-05-25,0,2019
767,Germany,lost,6 wickets,27.0,lost,1st,v Italy,Utrecht,2019-05-25,0,2019
768,Jersey,tied,-,,lost,1st,v Guernsey,St Peter Port,2019-05-31,0,2019
769,Jersey,won,41 runs,,lost,1st,v Guernsey,Castel,2019-06-01,1,2019
770,Jersey,won,76 runs,,won,1st,v Guernsey,Castel,2019-06-01,1,2019
771,Guernsey,lost,8 wickets,34.0,won,1st,v Jersey,Castel,2019-06-15,0,2019
772,Norway,lost,20 runs,,won,1st,v Italy,St Peter Port,2019-06-15,0,2019
773,Guernsey,lost,5 wickets,18.0,lost,1st,v Germany,Castel,2019-06-15,0,2019
774,Germany,lost,5 wickets,6.0,lost,1st,v Italy,St Peter Port,2019-06-16,0,2019
775,Jersey,won,18 runs,,lost,1st,v Denmark,Castel,2019-06-16,1,2019
776,Italy,won,11 runs,,lost,1st,v Guernsey,St Peter Port,2019-06-16,1,2019
777,Jersey,won,80 runs,,won,1st,v Norway,Castel,2019-06-16,1,2019
778,Denmark,won,46 runs,,won,1st,v Norway,Castel,2019-06-17,1,2019
779,Norway,lost,4 wickets,1.0,lost,1st,v Guernsey,Castel,2019-06-19,0,2019
780,Jersey,won,73 runs,,lost,1st,v Italy,St Peter Port,2019-06-19,1,2019
781,Denmark,lost,7 wickets,33.0,lost,1st,v Germany,Castel,2019-06-19,0,2019
782,Guernsey,won,6 runs,,lost,1st,v Denmark,Castel,2019-06-20,1,2019
783,Norway,lost,7 wickets,53.0,lost,1st,v Germany,St Peter Port,2019-06-20,0,2019
784,Denmark,won,30 runs,,won,1st,v Italy,Castel,2019-06-20,1,2019
785,Jersey,lost,3 wickets,34.0,lost,1st,v Germany,St Peter Port,2019-06-20,0,2019
786,Netherlands,won,49 runs,,lost,1st,v Zimbabwe,Rotterdam,2019-06-23,1,2019
787,Thailand,lost,5 wickets,18.0,lost,1st,v Malaysia,Kuala Lumpur,2019-06-24,0,2019
788,Malaysia,won,73 runs,,lost,1st,v Maldives,Kuala Lumpur,2019-06-25,1,2019
789,Netherlands,tied,-,,won,1st,v Zimbabwe,Rotterdam,2019-06-25,0,2019
790,Thailand,lost,2 wickets,0.0,won,1st,v Maldives,Kuala Lumpur,2019-06-26,0,2019
791,Thailand,lost,8 wickets,30.0,won,1st,v Malaysia,Kuala Lumpur,2019-06-27,0,2019
792,Maldives,lost,5 wickets,5.0,lost,1st,v Thailand,Kuala Lumpur,2019-06-29,0,2019
793,Qatar,lost,7 wickets,21.0,lost,1st,v Kuwait,Doha,2019-07-04,0,2019
794,Kuwait,tied,-,,lost,1st,v Qatar,Doha,2019-07-05,0,2019
795,Kuwait,lost,3 wickets,0.0,lost,1st,v Qatar,Doha,2019-07-06,0,2019
796,Samoa,lost,9 wickets,11.0,lost,1st,v P.N.G.,Apia (No 1),2019-07-08,0,2019
797,Vanuatu,lost,3 wickets,44.0,lost,1st,v P.N.G.,Apia (No 3),2019-07-09,0,2019
798,Vanuatu,lost,2 wickets,4.0,lost,1st,v Samoa,Apia (No 1),2019-07-09,0,2019
799,Samoa,lost,7 wickets,63.0,lost,1st,v P.N.G.,Apia (No 2),2019-07-10,0,2019
800,Vanuatu,won,32 runs,,lost,1st,v Samoa,Apia (No 3),2019-07-12,1,2019
801,P.N.G.,won,59 runs,,lost,1st,v Vanuatu,Apia (No 2),2019-07-12,1,2019
802,Zimbabwe,lost,9 wickets,13.0,lost,1st,v Ireland,Bready,2019-07-12,0,2019
803,P.N.G.,won,32 runs,,lost,1st,v Vanuatu,Apia (No 2),2019-07-13,1,2019
804,Malaysia,lost,7 wickets,9.0,won,1st,v Nepal,Kuala Lumpur,2019-07-13,0,2019
805,Denmark,won,1 runs,,lost,1st,v Finland,Brondby,2019-07-13,1,2019
806,Denmark,won,38 runs,,won,1st,v Finland,Brondby,2019-07-13,1,2019
807,Nepal,won,6 runs,,won,1st,v Malaysia,Kuala Lumpur,2019-07-14,1,2019
808,Ireland,lost,8 wickets,20.0,lost,1st,v Zimbabwe,Bready,2019-07-14,0,2019
809,Singapore,won,33 runs,,won,1st,v Qatar,Singapore,2019-07-22,1,2019
810,Malaysia,won,42 runs,,won,1st,v Kuwait,Singapore,2019-07-22,1,2019
811,Nepal,lost,4 wickets,4.0,won,1st,v Qatar,Singapore,2019-07-23,0,2019
812,Malaysia,lost,7 wickets,6.0,lost,1st,v Nepal,Singapore,2019-07-24,0,2019
813,Kuwait,won,10 runs,,lost,1st,v Qatar,Singapore,2019-07-26,1,2019
814,Malaysia,lost,8 wickets,40.0,won,1st,v Singapore,Singapore,2019-07-26,0,2019
815,Kuwait,lost,7 wickets,25.0,lost,1st,v Nepal,Singapore,2019-07-27,0,2019
816,Malaysia,lost,4 wickets,2.0,won,1st,v Qatar,Singapore,2019-07-27,0,2019
817,Singapore,won,82 runs,,won,1st,v Nepal,Singapore,2019-07-28,1,2019
818,U.A.E.,won,13 runs,,lost,1st,v Netherlands,Amstelveen,2019-08-03,1,2019
819,West Indies,lost,4 wickets,16.0,lost,1st,v India,Lauderhill,2019-08-03,0,2019
820,India,won,22 runs,,won,1st,v West Indies,Lauderhill,2019-08-04,1,2019
821,Netherlands,lost,5 wickets,3.0,lost,1st,v U.A.E.,Amstelveen,2019-08-05,0,2019
822,U.A.E.,won,14 runs,,lost,1st,v Netherlands,The Hague,2019-08-06,1,2019
823,West Indies,lost,7 wickets,5.0,lost,1st,v India,Providence,2019-08-06,0,2019
824,Netherlands,lost,7 wickets,2.0,won,1st,v U.A.E.,The Hague,2019-08-08,0,2019
825,Finland,won,82 runs,,won,1st,v Spain,Kerava,2019-08-17,1,2019
826,Finland,lost,6 wickets,6.0,won,1st,v Spain,Kerava,2019-08-17,0,2019
827,Finland,lost,4 wickets,2.0,won,1st,v Spain,Kerava,2019-08-18,0,2019
828,Bermuda,won,6 runs,,won,1st,v U.S.A.,Sandys Parish,2019-08-18,1,2019
829,Canada,won,84 runs,,won,1st,v Cayman Is,Sandys Parish,2019-08-18,1,2019
830,Namibia,won,93 runs,,lost,1st,v Botswana,Windhoek,2019-08-19,1,2019
831,Cayman Is,lost,10 runs,,lost,1st,v U.S.A.,Hamilton,2019-08-19,0,2019
832,Namibia,won,124 runs,,lost,1st,v Botswana,Windhoek,2019-08-20,1,2019
833,Cayman Is,lost,6 wickets,28.0,won,1st,v Bermuda,Sandys Parish,2019-08-21,0,2019
834,U.S.A.,lost,4 wickets,5.0,won,1st,v Canada,Sandys Parish,2019-08-21,0,2019
835,Namibia,won,78 runs,,won,1st,v Botswana,Windhoek,2019-08-22,1,2019
836,Cayman Is,lost,8 wickets,47.0,lost,1st,v Canada,Sandys Parish,2019-08-22,0,2019
837,U.S.A.,lost,4 wickets,7.0,lost,1st,v Bermuda,Sandys Parish,2019-08-22,0,2019
838,Botswana,lost,8 wickets,53.0,won,1st,v Namibia,Windhoek,2019-08-23,0,2019
839,Cayman Is,lost,9 wickets,62.0,won,1st,v U.S.A.,Sandys Parish,2019-08-24,0,2019
840,Bermuda,lost,8 wickets,41.0,won,1st,v Canada,Sandys Parish,2019-08-24,0,2019
841,Canada,won,15 runs,,lost,1st,v U.S.A.,Sandys Parish,2019-08-25,1,2019
842,Cayman Is,lost,6 wickets,21.0,won,1st,v Bermuda,Sandys Parish,2019-08-25,0,2019
843,Romania,won,31 runs,,lost,1st,v Austria,Ilfov County,2019-08-29,1,2019
844,Turkey,lost,8 wickets,101.0,won,1st,v Luxembourg,Ilfov County,2019-08-29,0,2019
845,Romania,won,173 runs,,lost,1st,v Turkey,Ilfov County,2019-08-29,1,2019
846,Czech Rep.,lost,8 wickets,32.0,lost,1st,v Austria,Ilfov County,2019-08-30,0,2019
847,Luxembourg,lost,7 wickets,27.0,won,1st,v Romania,Ilfov County,2019-08-30,0,2019
848,Czech Rep.,won,257 runs,,won,1st,v Turkey,Ilfov County,2019-08-30,1,2019
849,Austria,won,135 runs,,won,1st,v Luxembourg,Ilfov County,2019-08-31,1,2019
850,Romania,lost,6 wickets,17.0,lost,1st,v Czech Rep.,Ilfov County,2019-08-31,0,2019
851,Turkey,lost,10 wickets,104.0,won,1st,v Austria,Ilfov County,2019-08-31,0,2019
852,Luxembourg,lost,6 wickets,25.0,lost,1st,v Czech Rep.,Ilfov County,2019-09-01,0,2019
853,Austria,won,30 runs,,lost,1st,v Czech Rep.,Ilfov County,2019-09-01,1,2019
854,Sri Lanka,lost,5 wickets,3.0,won,1st,v New Zealand,Pallekele,2019-09-01,0,2019
855,Sri Lanka,lost,4 wickets,2.0,won,1st,v New Zealand,Pallekele,2019-09-03,0,2019
856,Sri Lanka,won,37 runs,,won,1st,v New Zealand,Pallekele,2019-09-06,1,2019
857,Zimbabwe,lost,3 wickets,2.0,lost,1st,v Bangladesh,Dhaka,2019-09-13,0,2019
858,Afghanistan,won,28 runs,,lost,1st,v Zimbabwe,Dhaka,2019-09-14,1,2019
859,Afghanistan,won,25 runs,,won,1st,v Bangladesh,Dhaka,2019-09-15,1,2019
860,Scotland,won,58 runs,,lost,1st,v Netherlands,Dublin (Malahide),2019-09-16,1,2019
861,Scotland,lost,4 wickets,14.0,won,1st,v Ireland,Dublin (Malahide),2019-09-17,0,2019
862,Bangladesh,won,39 runs,,lost,1st,v Zimbabwe,Chattogram,2019-09-18,1,2019
863,Ireland,lost,6 wickets,5.0,won,1st,v Netherlands,Dublin (Malahide),2019-09-18,0,2019
864,South Africa,lost,7 wickets,6.0,lost,1st,v India,Mohali,2019-09-18,0,2019
865,Netherlands,lost,6 wickets,40.0,won,1st,v Scotland,Dublin (Malahide),2019-09-19,0,2019
866,Afghanistan,lost,7 wickets,3.0,won,1st,v Zimbabwe,Chattogram,2019-09-20,0,2019
867,Ireland,won,1 runs,,lost,1st,v Scotland,Dublin (Malahide),2019-09-20,1,2019
868,Afghanistan,lost,4 wickets,6.0,lost,1st,v Bangladesh,Chattogram,2019-09-21,0,2019
869,India,lost,9 wickets,19.0,won,1st,v South Africa,Bengaluru,2019-09-22,0,2019
870,Nepal,lost,5 wickets,11.0,won,1st,v Zimbabwe,Singapore,2019-09-27,0,2019
871,Singapore,lost,9 wickets,24.0,won,1st,v Nepal,Singapore,2019-09-28,0,2019
872,Vanuatu,won,17 runs,,won,1st,v Malaysia,Kuala Lumpur,2019-09-29,1,2019
873,Singapore,won,4 runs,,won,1st,v Zimbabwe,Singapore,2019-09-29,1,2019
874,Vanuatu,won,51 runs,,won,1st,v Malaysia,Kuala Lumpur,2019-10-01,1,2019
875,Zimbabwe,won,40 runs,,lost,1st,v Nepal,Singapore,2019-10-01,1,2019
876,Malaysia,won,26 runs,,won,1st,v Vanuatu,Kuala Lumpur,2019-10-02,1,2019
877,Malaysia,lost,6 wickets,5.0,won,1st,v Vanuatu,Kuala Lumpur,2019-10-03,0,2019
878,Singapore,lost,8 wickets,8.0,lost,1st,v Zimbabwe,Singapore,2019-10-03,0,2019
879,Mexico,lost,9 wickets,33.0,lost,1st,v Argentina,Cortijo Polo Club Pitch A,2019-10-03,0,2019
880,Brazil,won,35 runs,,lost,1st,v Chile,Cortijo Polo Club Pitch B,2019-10-03,1,2019
881,Peru,won,2 runs,,won,1st,v Brazil,Cortijo Polo Club Pitch A,2019-10-03,1,2019
882,Malaysia,won,22 runs,,won,1st,v Vanuatu,Kuala Lumpur,2019-10-04,1,2019
883,Mexico,lost,4 wickets,3.0,lost,1st,v Chile,Cortijo Polo Club Pitch A,2019-10-04,0,2019
884,Peru,lost,7 wickets,24.0,lost,1st,v Argentina,Cortijo Polo Club Pitch B,2019-10-04,0,2019
885,Argentina,won,29 runs,,lost,1st,v Brazil,Cortijo Polo Club Pitch A,2019-10-04,1,2019
886,Hong Kong,lost,7 wickets,37.0,won,1st,v Oman,Al Amerat,2019-10-05,0,2019
887,Netherlands,lost,6 wickets,10.0,lost,1st,v Ireland,Al Amerat,2019-10-05,0,2019
888,Argentina,won,28 runs,,lost,1st,v Chile,Cortijo Polo Club Pitch A,2019-10-05,1,2019
889,Mexico,won,39 runs,,lost,1st,v Peru,Cortijo Polo Club Pitch B,2019-10-05,1,2019
890,Sri Lanka,won,64 runs,,lost,1st,v Pakistan,Lahore,2019-10-05,1,2019
891,Peru,won,60 runs,,won,1st,v Chile,Cortijo Polo Club Pitch A,2019-10-05,1,2019
892,Mexico,won,20 runs,,won,1st,v Brazil,Cortijo Polo Club Pitch B,2019-10-05,1,2019
893,Oman,won,43 runs,,lost,1st,v Ireland,Al Amerat,2019-10-06,1,2019
894,Hong Kong,lost,4 wickets,6.0,lost,1st,v Nepal,Al Amerat,2019-10-06,0,2019
895,Mexico,lost,4 wickets,8.0,won,1st,v Argentina,Lima Cricket and Football,2019-10-06,0,2019
896,Netherlands,lost,4 wickets,1.0,lost,1st,v Nepal,Al Amerat,2019-10-07,0,2019
897,Ireland,won,66 runs,,won,1st,v Hong Kong,Al Amerat,2019-10-07,1,2019
898,Sri Lanka,won,35 runs,,won,1st,v Pakistan,Lahore,2019-10-07,1,2019
899,Ireland,won,13 runs,,won,1st,v Nepal,Al Amerat,2019-10-09,1,2019
900,Netherlands,lost,7 wickets,29.0,won,1st,v Oman,Al Amerat,2019-10-09,0,2019
901,Sri Lanka,won,13 runs,,won,1st,v Pakistan,Lahore,2019-10-09,1,2019
902,Qatar,won,20 runs,,lost,1st,v Jersey,Doha,2019-10-09,1,2019
903,Netherlands,won,37 runs,,lost,1st,v Hong Kong,Al Amerat,2019-10-10,1,2019
904,Nepal,lost,6 wickets,49.0,lost,1st,v Oman,Al Amerat,2019-10-10,0,2019
905,Jersey,lost,6 wickets,7.0,won,1st,v Qatar,Doha,2019-10-10,0,2019
906,Jersey,lost,8 wickets,41.0,won,1st,v Qatar,Doha,2019-10-11,0,2019
907,Serbia,lost,6 wickets,12.0,won,1st,v Bulgaria,Corfu,2019-10-14,0,2019
908,Serbia,lost,10 wickets,93.0,lost,1st,v Greece,Corfu,2019-10-15,0,2019
909,Bulgaria,lost,9 wickets,54.0,won,1st,v Greece,Corfu,2019-10-16,0,2019
910,Czech Rep.,won,12 runs,,won,1st,v Malta,Marsa,2019-10-18,1,2019
911,Singapore,won,2 runs,,lost,1st,v Scotland,ICCA Dubai,2019-10-18,1,2019
912,Hong Kong,lost,8 wickets,16.0,won,1st,v Ireland,Abu Dhabi,2019-10-18,0,2019
913,Netherlands,won,30 runs,,won,1st,v Kenya,ICCA Dubai,2019-10-18,1,2019
914,Bulgaria,won,18 runs,,lost,1st,v Greece,Corfu,2019-10-18,1,2019
915,U.A.E.,lost,7 wickets,10.0,lost,1st,v Oman,Abu Dhabi,2019-10-18,0,2019
916,Bermuda,lost,10 wickets,58.0,lost,1st,v P.N.G.,ICCA Dubai,2019-10-19,0,2019
917,Jersey,won,69 runs,,won,1st,v Nigeria,Abu Dhabi,2019-10-19,1,2019
918,Netherlands,won,44 runs,,won,1st,v Namibia,ICCA Dubai,2019-10-19,1,2019
919,Scotland,won,31 runs,,won,1st,v Kenya,ICCA 2 Dubai,2019-10-19,1,2019
920,Ireland,lost,5 wickets,18.0,lost,1st,v U.A.E.,Abu Dhabi,2019-10-19,0,2019
921,Czech Rep.,won,82 runs,,won,1st,v Malta,Marsa,2019-10-20,1,2019
922,P.N.G.,won,81 runs,,won,1st,v Namibia,ICCA 2 Dubai,2019-10-20,1,2019
923,Canada,won,53 runs,,lost,1st,v Jersey,Tolerance Oval,2019-10-20,1,2019
924,Bermuda,lost,5 wickets,3.0,won,1st,v Singapore,ICCA 2 Dubai,2019-10-20,0,2019
925,Hong Kong,lost,7 wickets,15.0,lost,1st,v Oman,Abu Dhabi,2019-10-20,0,2019
926,Scotland,won,4 runs,,won,1st,v P.N.G.,ICCA Dubai,2019-10-21,1,2019
927,Hong Kong,lost,8 wickets,29.0,won,1st,v U.A.E.,Abu Dhabi,2019-10-21,0,2019
928,Ireland,won,35 runs,,lost,1st,v Oman,Tolerance Oval,2019-10-21,1,2019
929,Kenya,won,45 runs,,won,1st,v Bermuda,ICCA Dubai,2019-10-21,1,2019
930,Canada,won,50 runs,,won,1st,v Nigeria,Abu Dhabi,2019-10-21,1,2019
931,Namibia,won,24 runs,,won,1st,v Scotland,ICCA Dubai,2019-10-22,1,2019
932,Singapore,lost,5 wickets,21.0,won,1st,v Netherlands,ICCA Dubai,2019-10-22,0,2019
933,Jersey,won,35 runs,,won,1st,v U.A.E.,Tolerance Oval,2019-10-22,1,2019
934,Bermuda,lost,6 wickets,41.0,lost,1st,v Namibia,ICCA 2 Dubai,2019-10-23,0,2019
935,Nigeria,lost,7 wickets,78.0,won,1st,v Oman,Tolerance Oval,2019-10-23,0,2019
936,Singapore,lost,7 wickets,7.0,won,1st,v Kenya,ICCA 2 Dubai,2019-10-23,0,2019
937,Canada,won,10 runs,,won,1st,v Ireland,Abu Dhabi,2019-10-23,1,2019
938,Hong Kong,won,8 runs,,won,1st,v Jersey,Abu Dhabi,2019-10-23,1,2019
939,Netherlands,lost,5 wickets,6.0,won,1st,v P.N.G.,ICCA Dubai,2019-10-24,0,2019
940,Nigeria,lost,5 wickets,45.0,lost,1st,v U.A.E.,Tolerance Oval,2019-10-24,0,2019
941,Hong Kong,won,32 runs,,won,1st,v Canada,Tolerance Oval,2019-10-24,1,2019
942,Scotland,won,46 runs,,lost,1st,v Bermuda,Dubai (DSC),2019-10-24,1,2019
943,P.N.G.,won,43 runs,,lost,1st,v Singapore,Dubai (DSC),2019-10-25,1,2019
944,Jersey,lost,8 wickets,36.0,lost,1st,v Ireland,Tolerance Oval,2019-10-25,0,2019
945,Namibia,won,87 runs,,won,1st,v Kenya,Dubai (DSC),2019-10-25,1,2019
946,Portugal,lost,8 wickets,34.0,lost,1st,v Spain,Cartagena,2019-10-25,0,2019
947,Canada,lost,8 wickets,31.0,won,1st,v Oman,Abu Dhabi,2019-10-25,0,2019
948,Nigeria,lost,8 wickets,83.0,won,1st,v Ireland,Abu Dhabi,2019-10-26,0,2019
949,Gibraltar,lost,6 wickets,9.0,won,1st,v Portugal,Cartagena,2019-10-26,0,2019
950,Netherlands,won,92 runs,,won,1st,v Bermuda,Dubai (DSC),2019-10-26,1,2019
951,Gibraltar,lost,8 wickets,30.0,lost,1st,v Spain,Cartagena,2019-10-26,0,2019
952,Spain,won,29 runs,,lost,1st,v Portugal,Cartagena,2019-10-26,1,2019
953,Namibia,won,87 runs,,lost,1st,v Singapore,Dubai (DSC),2019-10-26,1,2019
954,Australia,won,134 runs,,lost,1st,v Sri Lanka,Adelaide,2019-10-27,1,2019
955,P.N.G.,won,45 runs,,lost,1st,v Kenya,Dubai (DSC),2019-10-27,1,2019
956,Nigeria,lost,5 wickets,77.0,won,1st,v Hong Kong,Tolerance Oval,2019-10-27,0,2019
957,Gibraltar,lost,4 wickets,4.0,lost,1st,v Portugal,Cartagena,2019-10-27,0,2019
958,Jersey,won,14 runs,,lost,1st,v Oman,Abu Dhabi,2019-10-27,1,2019
959,Scotland,lost,4 wickets,18.0,lost,1st,v Netherlands,Dubai (DSC),2019-10-27,0,2019
960,Gibraltar,lost,6 wickets,25.0,lost,1st,v Spain,Cartagena,2019-10-27,0,2019
961,U.A.E.,won,14 runs,,lost,1st,v Canada,Abu Dhabi,2019-10-27,1,2019
962,U.A.E.,lost,8 wickets,29.0,won,1st,v Netherlands,Dubai (DSC),2019-10-29,0,2019
963,Namibia,won,54 runs,,won,1st,v Oman,Dubai (DSC),2019-10-29,1,2019
964,Sri Lanka,lost,9 wickets,42.0,won,1st,v Australia,Brisbane,2019-10-30,0,2019
965,Scotland,won,90 runs,,won,1st,v U.A.E.,Dubai (DSC),2019-10-30,1,2019
966,Oman,won,12 runs,,won,1st,v Hong Kong,Dubai (DSC),2019-10-30,1,2019
967,Oman,lost,5 wickets,6.0,won,1st,v Scotland,ICCA Dubai,2019-10-31,0,2019
968,New Zealand,lost,7 wickets,9.0,lost,1st,v England,Christchurch,2019-11-01,0,2019
969,Sri Lanka,lost,7 wickets,14.0,lost,1st,v Australia,Melbourne,2019-11-01,0,2019
970,Netherlands,won,21 runs,,lost,1st,v Ireland,Dubai (DSC),2019-11-01,1,2019
971,P.N.G.,won,18 runs,,won,1st,v Namibia,Dubai (DSC),2019-11-01,1,2019
972,Ireland,won,27 runs,,won,1st,v Namibia,Dubai (DSC),2019-11-02,1,2019
973,P.N.G.,lost,7 wickets,6.0,won,1st,v Netherlands,Dubai (DSC),2019-11-02,0,2019
974,New Zealand,won,21 runs,,lost,1st,v England,Wellington,2019-11-03,1,2019
975,India,lost,7 wickets,3.0,lost,1st,v Bangladesh,Delhi,2019-11-03,0,2019
976,New Zealand,won,14 runs,,won,1st,v England,Nelson,2019-11-05,1,2019
977,Pakistan,lost,7 wickets,9.0,won,1st,v Australia,Canberra,2019-11-05,0,2019
978,Mozambique,lost,3 wickets,0.0,lost,1st,v Malawi,Lilongwe,2019-11-06,0,2019
979,Mozambique,lost,7 wickets,46.0,won,1st,v Malawi,Lilongwe,2019-11-06,0,2019
980,Malawi,won,25 runs,,lost,1st,v Mozambique,Lilongwe,2019-11-07,1,2019
981,Mozambique,lost,4 wickets,7.0,lost,1st,v Malawi,Lilongwe,2019-11-07,0,2019
982,Bangladesh,lost,8 wickets,26.0,lost,1st,v India,Rajkot,2019-11-07,0,2019
983,England,won,76 runs,,lost,1st,v New Zealand,Napier,2019-11-08,1,2019
984,Pakistan,lost,10 wickets,49.0,lost,1st,v Australia,Perth,2019-11-08,0,2019
985,Malawi,won,15 runs,,lost,1st,v Mozambique,Blantyre,2019-11-09,1,2019
986,New Zealand,tied,-,,lost,1st,v England,Auckland,2019-11-10,0,2019
987,Mozambique,won,11 runs,,lost,1st,v Malawi,Blantyre,2019-11-10,1,2019
988,India,won,30 runs,,lost,1st,v Bangladesh,Nagpur,2019-11-10,1,2019
989,West Indies,won,30 runs,,lost,1st,v Afghanistan,Lucknow,2019-11-14,1,2019
990,Afghanistan,won,41 runs,,won,1st,v West Indies,Lucknow,2019-11-16,1,2019
991,Afghanistan,won,29 runs,,won,1st,v West Indies,Lucknow,2019-11-17,1,2019
992,Nepal,won,141 runs,,lost,1st,v Bhutan,Kirtipur,2019-12-05,1,2019
993,Nepal,won,84 runs,,won,1st,v Maldives,Kirtipur,2019-12-06,1,2019
994,West Indies,lost,6 wickets,8.0,lost,1st,v India,Hyderabad (Deccan),2019-12-06,0,2019
995,Bhutan,lost,8 wickets,29.0,lost,1st,v Maldives,Kirtipur,2019-12-07,0,2019
996,India,lost,8 wickets,9.0,lost,1st,v West Indies,Thiruvananthapuram,2019-12-08,0,2019
997,Maldives,lost,5 wickets,23.0,lost,1st,v Nepal,Kirtipur,2019-12-09,0,2019
998,India,won,67 runs,,lost,1st,v West Indies,Mumbai,2019-12-11,1,2019
999,Sri Lanka,lost,7 wickets,15.0,lost,1st,v India,Indore,2020-01-07,0,2020
1000,India,won,78 runs,,lost,1st,v Sri Lanka,Pune,2020-01-10,1,2020
1001,Ireland,won,4 runs,,won,1st,v West Indies,St George's,2020-01-15,1,2020
1002,Ireland,lost,9 wickets,54.0,lost,1st,v West Indies,Basseterre,2020-01-19,0,2020
1003,New Zealand,lost,6 wickets,6.0,lost,1st,v India,Auckland,2020-01-24,0,2020
1004,Bangladesh,lost,5 wickets,3.0,won,1st,v Pakistan,Lahore,2020-01-24,0,2020
1005,Bangladesh,lost,9 wickets,20.0,won,1st,v Pakistan,Lahore,2020-01-25,0,2020
1006,New Zealand,lost,7 wickets,15.0,won,1st,v India,Auckland,2020-01-26,0,2020
1007,India,tied,-,,lost,1st,v New Zealand,Hamilton,2020-01-29,0,2020
1008,India,tied,-,,lost,1st,v New Zealand,Wellington,2020-01-31,0,2020
1009,India,won,7 runs,,won,1st,v New Zealand,Mount Maunganui,2020-02-02,1,2020
1010,Qatar,won,40 runs,,won,1st,v Uganda,Doha,2020-02-12,1,2020
1011,South Africa,won,1 runs,,lost,1st,v England,East London,2020-02-12,1,2020
1012,Qatar,won,28 runs,,lost,1st,v Uganda,Doha,2020-02-13,1,2020
1013,England,won,2 runs,,lost,1st,v South Africa,Durban,2020-02-14,1,2020
1014,Uganda,won,18 runs,,won,1st,v Qatar,Doha,2020-02-15,1,2020
1015,South Africa,lost,5 wickets,5.0,won,1st,v England,Centurion,2020-02-16,0,2020
1016,Malaysia,won,21 runs,,won,1st,v Hong Kong,Kuala Lumpur,2020-02-20,1,2020
1017,Malaysia,won,35 runs,,won,1st,v Hong Kong,Kuala Lumpur,2020-02-21,1,2020
1018,Australia,won,107 runs,,lost,1st,v South Africa,Johannesburg,2020-02-21,1,2020
1019,Iran,lost,10 wickets,87.0,lost,1st,v U.A.E.,Al Amerat,2020-02-23,0,2020
1020,Qatar,won,106 runs,,won,1st,v Maldives,Al Amerat,2020-02-23,1,2020
1021,Saudi Arabia,lost,9 wickets,56.0,lost,1st,v Kuwait,Al Amerat,2020-02-23,0,2020
1022,Bahrain,lost,8 wickets,40.0,won,1st,v Oman,Al Amerat,2020-02-23,0,2020
1023,Malaysia,won,8 runs,,won,1st,v Hong Kong,Kuala Lumpur,2020-02-23,1,2020
1024,South Africa,won,12 runs,,won,1st,v Australia,Port Elizabeth,2020-02-23,1,2020
1025,Iran,lost,9 wickets,87.0,lost,1st,v Saudi Arabia,Al Amerat,2020-02-24,0,2020
1026,Qatar,won,34 runs,,won,1st,v Oman,Al Amerat,2020-02-24,1,2020
1027,Malaysia,won,13 runs,,won,1st,v Hong Kong,Kuala Lumpur,2020-02-24,1,2020
1028,Bahrain,won,65 runs,,won,1st,v Maldives,Al Amerat,2020-02-24,1,2020
1029,U.A.E.,won,47 runs,,lost,1st,v Kuwait,Al Amerat,2020-02-24,1,2020
1030,Maldives,lost,10 wickets,34.0,lost,1st,v Oman,Al Amerat,2020-02-25,0,2020
1031,U.A.E.,won,12 runs,,won,1st,v Saudi Arabia,Al Amerat,2020-02-25,1,2020
1032,Qatar,lost,6 wickets,49.0,won,1st,v Bahrain,Al Amerat,2020-02-25,0,2020
1033,Iran,lost,8 wickets,43.0,lost,1st,v Kuwait,Al Amerat,2020-02-25,0,2020
1034,Hong Kong,lost,6 wickets,9.0,won,1st,v Malaysia,Kuala Lumpur,2020-02-26,0,2020
1035,Kuwait,won,87 runs,,lost,1st,v Bahrain,Al Amerat,2020-02-26,1,2020
1036,U.A.E.,won,28 runs,,won,1st,v Qatar,Al Amerat,2020-02-26,1,2020
1037,Australia,won,97 runs,,lost,1st,v South Africa,Cape Town,2020-02-26,1,2020
1038,U.A.E.,won,102 runs,,lost,1st,v Kuwait,Al Amerat,2020-02-27,1,2020
1039,Singapore,won,43 runs,,lost,1st,v Thailand,Bangkok,2020-02-29,1,2020
1040,Malaysia,won,22 runs,,won,1st,v Nepal,Bangkok,2020-02-29,1,2020
1041,Hong Kong,won,43 runs,,lost,1st,v Nepal,Bangkok,2020-03-01,1,2020
1042,Thailand,lost,8 wickets,49.0,won,1st,v Malaysia,Bangkok,2020-03-01,0,2020
1043,Singapore,won,128 runs,,won,1st,v Malaysia,Bangkok,2020-03-03,1,2020
1044,Thailand,lost,8 wickets,74.0,won,1st,v Hong Kong,Bangkok,2020-03-03,0,2020
1045,Thailand,lost,9 wickets,87.0,won,1st,v Nepal,Bangkok,2020-03-04,0,2020
1046,Singapore,won,16 runs,,won,1st,v Hong Kong,Bangkok,2020-03-04,1,2020
1047,West Indies,won,25 runs,,won,1st,v Sri Lanka,Pallekele,2020-03-04,1,2020
1048,Malaysia,lost,6 wickets,7.0,won,1st,v Hong Kong,Bangkok,2020-03-06,0,2020
1049,Ireland,lost,11 runs,,won,1st,v Afghanistan,Greater Noida,2020-03-06,0,2020
1050,Sri Lanka,lost,7 wickets,18.0,lost,1st,v West Indies,Pallekele,2020-03-06,0,2020
1051,Afghanistan,won,21 runs,,won,1st,v Ireland,Greater Noida,2020-03-08,1,2020
1052,Germany,lost,9 wickets,11.0,lost,1st,v Spain,Almeria,2020-03-08,0,2020
1053,Germany,won,58 runs,,lost,1st,v Spain,Almeria,2020-03-08,1,2020
1054,Bangladesh,won,48 runs,,lost,1st,v Zimbabwe,Dhaka,2020-03-09,1,2020
1055,Ireland,tied,-,,won,1st,v Afghanistan,Greater Noida,2020-03-10,0,2020
1056,Zimbabwe,lost,9 wickets,25.0,lost,1st,v Bangladesh,Dhaka,2020-03-11,0,2020
1057,Isle of Man,lost,8 wickets,51.0,won,1st,v Guernsey,St Peter Port,2020-08-21,0,2020
1058,Luxembourg,won,63 runs,,won,1st,v Czech Rep.,Walferdange,2020-08-28,1,2020
1059,Luxembourg,lost,5 wickets,7.0,won,1st,v Czech Rep.,Walferdange,2020-08-29,0,2020
1060,Belgium,won,37 runs,,won,1st,v Luxembourg,Walferdange,2020-08-29,1,2020
1061,Belgium,won,46 runs,,won,1st,v Czech Rep.,Walferdange,2020-08-29,1,2020
1062,Belgium,won,87 runs,,won,1st,v Czech Rep.,Walferdange,2020-08-30,1,2020
1063,Belgium,won,49 runs,,won,1st,v Luxembourg,Walferdange,2020-08-30,1,2020
1064,Pakistan,lost,5 wickets,5.0,lost,1st,v England,Manchester,2020-08-30,0,2020
1065,Pakistan,won,5 runs,,lost,1st,v England,Manchester,2020-09-01,1,2020
1066,England,won,2 runs,,lost,1st,v Australia,Southampton,2020-09-04,1,2020
1067,Australia,lost,6 wickets,7.0,won,1st,v England,Southampton,2020-09-06,0,2020
1068,England,lost,5 wickets,3.0,lost,1st,v Australia,Southampton,2020-09-08,0,2020
1069,Malta,won,57 runs,,won,1st,v Bulgaria,Sofia,2020-09-23,1,2020
1070,Bulgaria,lost,8 wickets,7.0,won,1st,v Malta,Sofia,2020-09-23,0,2020
1071,Bulgaria,won,33 runs,,won,1st,v Romania,Ilfov County,2020-10-16,1,2020
1072,Romania,won,52 runs,,won,1st,v Bulgaria,Ilfov County,2020-10-17,1,2020
1073,Romania,won,34 runs,,won,1st,v Bulgaria,Ilfov County,2020-10-17,1,2020
1074,Bulgaria,lost,6 wickets,62.0,won,1st,v Romania,Ilfov County,2020-10-18,0,2020
1075,Zimbabwe,lost,6 wickets,7.0,won,1st,v Pakistan,Rawalpindi,2020-11-07,0,2020
1076,Zimbabwe,lost,8 wickets,29.0,lost,1st,v Pakistan,Rawalpindi,2020-11-08,0,2020
1077,Zimbabwe,lost,8 wickets,28.0,won,1st,v Pakistan,Rawalpindi,2020-11-10,0,2020
1078,West Indies,lost,5 wickets,4.0,lost,1st,v New Zealand,Auckland,2020-11-27,0,2020
1079,South Africa,lost,5 wickets,4.0,lost,1st,v England,Cape Town,2020-11-27,0,2020
1080,New Zealand,won,72 runs,,lost,1st,v West Indies,Mount Maunganui,2020-11-29,1,2020
1081,South Africa,lost,4 wickets,1.0,lost,1st,v England,Paarl,2020-11-29,0,2020
1082,South Africa,lost,9 wickets,14.0,won,1st,v England,Cape Town,2020-12-01,0,2020
1083,India,won,11 runs,,lost,1st,v Australia,Canberra,2020-12-04,1,2020
1084,Australia,lost,6 wickets,2.0,lost,1st,v India,Sydney,2020-12-06,0,2020
1085,Australia,won,12 runs,,lost,1st,v India,Sydney,2020-12-08,1,2020
1086,Pakistan,lost,5 wickets,7.0,won,1st,v New Zealand,Auckland,2020-12-18,0,2020
1087,Pakistan,lost,9 wickets,4.0,won,1st,v New Zealand,Hamilton,2020-12-20,0,2020
1088,New Zealand,lost,4 wickets,2.0,lost,1st,v Pakistan,Napier,2020-12-22,0,2020
1089,Pakistan,won,3 runs,,lost,1st,v South Africa,Lahore,2021-02-11,1,2021
1090,Pakistan,lost,6 wickets,22.0,lost,1st,v South Africa,Lahore,2021-02-13,0,2021
1091,South Africa,lost,4 wickets,8.0,lost,1st,v Pakistan,Lahore,2021-02-14,0,2021
1092,New Zealand,won,53 runs,,lost,1st,v Australia,Christchurch,2021-02-22,1,2021
1093,New Zealand,won,4 runs,,lost,1st,v Australia,Dunedin,2021-02-25,1,2021
1094,Australia,won,64 runs,,lost,1st,v New Zealand,Wellington,2021-03-03,1,2021
1095,Sri Lanka,lost,4 wickets,41.0,lost,1st,v West Indies,Coolidge,2021-03-03,0,2021
1096,Australia,won,50 runs,,won,1st,v New Zealand,Wellington,2021-03-05,1,2021
1097,Sri Lanka,won,43 runs,,won,1st,v West Indies,Coolidge,2021-03-05,1,2021
1098,Australia,lost,7 wickets,27.0,won,1st,v New Zealand,Wellington,2021-03-07,0,2021
1099,Sri Lanka,lost,3 wickets,6.0,won,1st,v West Indies,Coolidge,2021-03-07,0,2021
1100,India,lost,8 wickets,27.0,lost,1st,v England,Ahmedabad,2021-03-12,0,2021
1101,England,lost,7 wickets,13.0,lost,1st,v India,Ahmedabad,2021-03-14,0,2021
1102,India,lost,8 wickets,10.0,lost,1st,v England,Ahmedabad,2021-03-16,0,2021
1103,Afghanistan,won,48 runs,,lost,1st,v Zimbabwe,Abu Dhabi,2021-03-17,1,2021
1104,India,won,8 runs,,lost,1st,v England,Ahmedabad,2021-03-18,1,2021
1105,Afghanistan,won,45 runs,,won,1st,v Zimbabwe,Abu Dhabi,2021-03-19,1,2021
1106,Afghanistan,won,47 runs,,won,1st,v Zimbabwe,Abu Dhabi,2021-03-20,1,2021
1107,India,won,36 runs,,lost,1st,v England,Ahmedabad,2021-03-20,1,2021
1108,New Zealand,won,66 runs,,won,1st,v Bangladesh,Hamilton,2021-03-28,1,2021
1109,New Zealand,won,28 runs,,lost,1st,v Bangladesh,Napier,2021-03-30,1,2021
1110,New Zealand,won,65 runs,,lost,1st,v Bangladesh,Auckland,2021-04-01,1,2021
1111,Uganda,lost,7 wickets,31.0,won,1st,v Namibia,Windhoek,2021-04-03,0,2021
1112,Namibia,won,20 runs,,won,1st,v Uganda,Windhoek,2021-04-05,1,2021
1113,Namibia,won,65 runs,,won,1st,v Uganda,Windhoek,2021-04-05,1,2021
1114,South Africa,lost,4 wickets,1.0,won,1st,v Pakistan,Johannesburg,2021-04-10,0,2021
1115,Pakistan,lost,6 wickets,36.0,won,1st,v South Africa,Johannesburg,2021-04-12,0,2021
1116,South Africa,lost,9 wickets,12.0,lost,1st,v Pakistan,Centurion,2021-04-14,0,2021
1117,South Africa,lost,3 wickets,1.0,lost,1st,v Pakistan,Centurion,2021-04-16,0,2021
1118,Netherlands,lost,9 wickets,30.0,lost,1st,v Nepal,Kirtipur,2021-04-17,0,2021
1119,Netherlands,won,15 runs,,won,1st,v Malaysia,Kirtipur,2021-04-18,1,2021
1120,Malaysia,lost,9 wickets,47.0,lost,1st,v Nepal,Kirtipur,2021-04-19,0,2021
1121,Nepal,lost,3 wickets,3.0,won,1st,v Netherlands,Kirtipur,2021-04-20,0,2021
1122,Netherlands,tied,-,,lost,1st,v Malaysia,Kirtipur,2021-04-21,0,2021
1123,Pakistan,won,11 runs,,lost,1st,v Zimbabwe,Harare,2021-04-21,1,2021
1124,Nepal,won,69 runs,,lost,1st,v Malaysia,Kirtipur,2021-04-22,1,2021
1125,Zimbabwe,won,19 runs,,lost,1st,v Pakistan,Harare,2021-04-23,1,2021
1126,Nepal,won,142 runs,,lost,1st,v Netherlands,Kirtipur,2021-04-24,1,2021
1127,Pakistan,won,24 runs,,won,1st,v Zimbabwe,Harare,2021-04-25,1,2021
1128,Luxembourg,lost,9 wickets,10.0,lost,1st,v Czech Rep.,Vinor,2021-05-21,0,2021
1129,Luxembourg,lost,5 runs,,won,1st,v Austria,Vinor,2021-05-21,0,2021
1130,Austria,won,78 runs,,lost,1st,v Czech Rep.,Vinor,2021-05-22,1,2021
1131,Czech Rep.,lost,6 wickets,8.0,lost,1st,v Luxembourg,Vinor,2021-05-22,0,2021
1132,Austria,lost,5 wickets,2.0,won,1st,v Luxembourg,Vinor,2021-05-23,0,2021
1133,Czech Rep.,lost,4 wickets,4.0,won,1st,v Austria,Vinor,2021-05-23,0,2021
1134,Sri Lanka,lost,8 wickets,17.0,won,1st,v England,Cardiff,2021-06-23,0,2021
1135,Bulgaria,won,61 runs,,lost,1st,v Serbia,Sofia,2021-06-24,1,2021
1136,Greece,lost,3 wickets,43.0,won,1st,v Romania,Sofia,2021-06-24,0,2021
1137,Sri Lanka,lost,5 wickets,11.0,won,1st,v England,Cardiff,2021-06-24,0,2021
1138,Serbia,lost,5 wickets,33.0,lost,1st,v Greece,Sofia,2021-06-25,0,2021
1139,Bulgaria,lost,7 wickets,36.0,won,1st,v Romania,Sofia,2021-06-25,0,2021
1140,Romania,won,91 runs,,won,1st,v Serbia,Sofia,2021-06-25,1,2021
1141,Bulgaria,won,64 runs,,lost,1st,v Greece,Sofia,2021-06-26,1,2021
1142,Serbia,lost,10 wickets,86.0,won,1st,v Romania,Sofia,2021-06-26,0,2021
1143,England,won,89 runs,,lost,1st,v Sri Lanka,Southampton,2021-06-26,1,2021
1144,South Africa,lost,8 wickets,30.0,lost,1st,v West Indies,St George's,2021-06-26,0,2021
1145,Bulgaria,lost,7 wickets,58.0,won,1st,v Romania,Sofia,2021-06-27,0,2021
1146,South Africa,won,16 runs,,lost,1st,v West Indies,St George's,2021-06-27,1,2021
1147,South Africa,won,1 runs,,lost,1st,v West Indies,St George's,2021-06-29,1,2021
1148,West Indies,won,21 runs,,lost,1st,v South Africa,St George's,2021-07-01,1,2021
1149,South Africa,won,25 runs,,won,1st,v West Indies,St George's,2021-07-03,1,2021
1150,Belgium,lost,6 wickets,22.0,won,1st,v Malta,Marsa,2021-07-08,0,2021
1151,Malta,lost,10 wickets,87.0,won,1st,v Belgium,Marsa,2021-07-08,0,2021
1152,Malta,lost,4 wickets,9.0,lost,1st,v Belgium,Marsa,2021-07-09,0,2021
1153,West Indies,won,18 runs,,lost,1st,v Australia,Gros Islet,2021-07-09,1,2021
1154,Belgium,lost,0 wickets,4.0,won,1st,v Malta,Marsa,2021-07-10,0,2021
1155,Belgium,won,39 runs,,won,1st,v Malta,Marsa,2021-07-10,1,2021
1156,West Indies,won,56 runs,,lost,1st,v Australia,Gros Islet,2021-07-10,1,2021
1157,Australia,lost,6 wickets,31.0,won,1st,v West Indies,Gros Islet,2021-07-12,0,2021
1158,Australia,won,4 runs,,won,1st,v West Indies,Gros Islet,2021-07-14,1,2021
1159,Pakistan,won,31 runs,,lost,1st,v England,Nottingham,2021-07-16,1,2021
1160,West Indies,won,16 runs,,won,1st,v Australia,Gros Islet,2021-07-16,1,2021
1161,England,won,45 runs,,lost,1st,v Pakistan,Leeds,2021-07-18,1,2021
1162,South Africa,won,33 runs,,lost,1st,v Ireland,Dublin (Malahide),2021-07-19,1,2021
1163,Pakistan,lost,3 wickets,2.0,won,1st,v England,Manchester,2021-07-20,0,2021
1164,Zimbabwe,lost,8 wickets,7.0,won,1st,v Bangladesh,Harare,2021-07-22,0,2021
1165,South Africa,won,42 runs,,won,1st,v Ireland,Belfast,2021-07-22,1,2021
1166,Zimbabwe,won,23 runs,,won,1st,v Bangladesh,Harare,2021-07-23,1,2021
